code,name,bom_lines,total_qty,last_used
C01-1028-18-002,Swarovski PP#1028/18 Crystal,18800,7340019,2026-07-16
C01-1028-26-002,Swarovski PP#1028/26 Crystal,19188,4497897,2026-06-16
C01-8016-14-005,Swarovski Strass #8016/14 double hole Rosaline,19458,3044726,2025-10-16
C01-8016-14-007,Swarovski Strass #8016/14 double hole Bordeaux,23070,3037445,2025-10-16
C01-8016-14-002,Swarovski Strass #8016/14 double hole Crystal,12222,2668528,2025-10-17
C01-8016-14-001,Swarovski Strass #8016/14 double hole Medium Sapph,13175,2197281,2025-10-16
C01-1028-18-001,Swarovski PP#1028/18 Sapphire,2498,2184356,2026-06-16
C01-8016-14-004,Swarovski Strass #8016/14 dbl hole Antique Green,12730,1645795,2025-10-16
C01-8016-14-006,Swarovski Strass #8016/14 double hole Blue Violet,13836,1536513,2025-10-16
C01-1028-18-005,Swarovski PP#1028/18 Rose,3873,1473671,2026-07-16
C01-1028-18-020,Swarovski PP#1028/18 Peridot,2980,1357983,2025-12-16
C01-8016-14-011,Swarovski Strass #8016/14 double hole Violet,8857,1263979,2025-10-16
C01-1028-18-016,Swarovski PP#1028/18 Aquamarine,2674,1178457,2026-04-02
C01-1028-18-022,Swarovski PP#1028/18 Siam,3049,1172756,2026-06-16
C01-1028-18-008,Swarovski PP#1028/18 Emerald,3220,1169524,2026-06-16
C01-8016-14-009,Swarovski Strass #8016/14 double hole Topaz,10041,1138150,2025-10-16
C01-8016-14-013,Swarovski strass#8016/14 double hole Crystal BL.AB,7454,999883,2025-10-16
C01-8016-14-003,Swarovski Strass #8016/14 double hole Light Topaz,10938,991483,2026-07-16
C01-8016-14-010,Swarovski Strass#8016/14 double hole Light Peridot,8084,985573,2025-10-16
C01-1028-26-005,Swarovski PP#1028/26 Rose,3399,846718,2026-06-16
C01-1028-18-021,Swarovski PP#1028/18 Ruby,2374,768720,2026-03-19
C01-1028-26-021,Swarovski PP#1028/26 Ruby,2499,757352,2026-07-16
C01-1028-18-019,Swarovski PP#1028/18 Light Amethyst,2273,735286,2026-07-16
C01-1028-18-015,Swarovski PP#1028/18 Amethyst,2243,701405,2026-06-16
C01-1028-18-009,Swarovski PP#1028/18 Topaz,3128,690881,2026-06-16
C01-1028-18-037,Swarovski PP#1028/18 Light Rose,588,658036,2026-04-16
C01-1028-18-017,Swarovski PP#1028/18 Blue Zircon,2024,656844,2026-04-02
C01-8016-14-012,Swarovski Strass #8016/14 double hole Golden Teak,6560,645658,2026-06-16
C01-1028-18-025,Swarovski PP#1028/18 Capri Blue,1421,641165,2026-06-16
C01-8016-14-008,Swarovski Strass #8016/14 double hole Emerald,5166,598428,2025-10-16
C01-1028-26-020,Swarovski PP#1028/26 Peridot,2196,533638,2026-07-16
C01-1028-26-001,Swarovski PP#1028/26 Sapphire,1933,477688,2026-03-19
C01-1028-26-016,Swarovski PP#1028/26 Aquamarine,1933,450607,2026-07-16
C01-1028-26-019,Swarovski PP#1028/26 Light Amethyst,2307,430083,2026-07-16
C01-1028-26-008,Swarovski PP#1028/26 Emerald,1878,414512,2026-04-02
C01-1028-26-022,Swarovski PP#1028/26 Siam,2114,394194,2026-05-21
C01-1028-26-023,Swarovski PP#1028/26 Black Diamond,2079,390471,2026-06-15
C01-1028-26-009,Swarovski PP#1028/26 Topaz,2591,357986,2026-06-16
C01-1028-32-009,Swarovski PP#1028/32 Topaz,2398,317495,2026-06-16
C01-1028-18-024,Swarovski PP#1028/18 Light Colorado Topaz,1166,293220,2026-01-30
C01-1028-26-015,Swarovski PP#1028/26 Amethyst,1880,279276,2026-04-02
C01-8116-14-028,Swarovski Strass #8116/14 double hole  Dk Sapph,2242,277870,2025-09-30
C01-1028-32-001,Swarovski PP#1028/32 Sapphire,2028,250240,2026-06-16
C01-1028-32-002,Swarovski PP#1028/32 Crystal,1553,228559,2026-04-02
C01-801 114-002,Swarovski Spectra #8290/14 one hole Crystal,1037,228224,2025-09-30
C01-1028-26-013,Swarovski PP#1028/26 BL.AB,1603,224567,2025-12-15
C01-1028-26-017,Swarovski PP#1028/26 Blue Zircon,1681,222529,2026-04-02
C01-1028-32-021,Swarovski PP#1028/32 Ruby,2018,192177,2026-06-16
C01-1028-18-003,Swarovski PP#1028/18 Light Topaz,383,183226,2026-04-02
C01-1028-18-013,Swarovski PP#1028/18 AB.BL,863,180963,2026-04-02
C01-1028-26-024,Swarovski PP#1028/26 Light Colorado Topaz,706,151008,2026-05-21
BDC-8232-0014-002,Bohemia glass 8232/14(C1) double hole Crystal,602,140709,2026-06-16
C01-1028-32-005,Swarovski PP#1028/32 Rose,1467,134568,2025-10-17
C01-1028-32-025,Swarovski PP#1028/32 Capri Blue,1342,126564,2026-06-16
C01-1028-32-016,Swarovski PP#1028/32 Aquamarine,1192,123648,2026-06-16
C01-1028-18-023,Swarovski PP#1028/18 Black Diamond,761,118248,2026-01-30
C01-8115-14-004,Swarovski Strass #8115/14 one hole Antique Green,978,117541,2026-04-02
C01-1028-32-008,Swarovski PP#1028/32 Emerald,1163,117016,2026-06-16
C01-1028-32-024,Swarovski PP#1028/32 Light Colorado Topaz,1177,112204,2026-06-16
C01-1028-32-015,Swarovski PP#1028/32 Amethyst,1369,110808,2026-06-16
C01-1028-32-017,Swarovski PP#1028/32 Blue Zircon,1125,105528,2026-06-16
BDC-8232-0014-005,Bohemia glass 8232/14(PI) double hole Rosaline,544,102697,2026-07-16
C01-8016-18-002,Swarovski Strass #8016/18 double hole Crystal,1698,100185,2024-09-04
C01-8102-20-002,Swarovski Strass #8102/20 double hole Crystal,1195,94206,2026-01-22
C01-1028-32-018,Swarovski PP#1028/32 Garnet,906,87526,2026-06-16
C01-1028-32-026,Swarovski PP#1028/32 Chrysolite,922,86561,2026-06-16
C01-8115-14-007,Swarovski Strass #8115/14 one hole Bordeaux,902,83634,2025-12-15
C01-1028-32-014,Swarovski PP#1028/32 Jet,908,83079,2026-06-16
C01-8115-14-005,Swarovski Strass #8115/14 one hole Rosaline,781,82568,2026-03-19
C01-8115-14-003,Swarovski Strass #8115/14 one hole Light Topaz,876,67878,2026-04-02
C01-8641-2012-002,Swarovski Strass #8641/20 one hole Crystal,993,67210,2026-06-16
C01-8115-14-002,Swarovski Strass #8115/14 one hole Crystal,601,67104,2026-06-16
BDC-8232-0014-007,Bohemia glass 8232/14(RE) double hole Ruby,478,61297,2026-07-16
C01-1028-32-013,Swarovski PP#1028/32  AB BL,572,59159,2026-07-16
C01-8115-14-001,Swarovski Strass #8115/14 one hole Medium Sapphire,474,56349,2026-03-19
C01-864 120-002,Swarovski Spectra#8290/20 Drop crystal one hole CL,591,54751,2024-08-30
C01-1028-18-040,Swarovski PP#1028/18 White Opal,84,52481,2025-10-16
C01-1028-24-041,Swarovski PP#1028/24 Vintage Rose,317,51155,2025-10-17
C01-1028-26-018,Swarovski PP#1028/26 Garnet,311,50162,2026-01-22
C01-8115-14-006,Swarovski Strass #8115/14 one hole Blue Violet,498,46039,2025-12-15
C01-1028-18-046,Swarovski PP#1028/18 Smoked Topaz,93,44762,2026-05-21
C01-1028-26-042,Swarovski PP#1028/26 Jonquil,417,40901,2026-01-22
C01-1080-14-002,Asfour #1080/14 double hole Crystal,65,40834,2026-06-16
C01-8102-20-001,Swarovski Strass #8102/20 double hole medium Sapph,722,36867,2026-04-02
BDC-8232-0014-001,Bohemia glass 8232/14(BL) double hole Medium Sapph,316,36605,2026-07-16
BDC-8232-0014-011,Bohemia glass 8232/14(VL) double hole Violet,218,34077,2026-07-16
C01-1028-18-018,Swarovski PP#1028/18 Garnet,271,32026,2026-01-22
C01-1028-18-042,Swarovski PP#1028/18 Jonquil,345,31950,2026-01-22
BDC-8232-0014-013,Bohemia glass 8232/14(AB) double hole Blue AB,348,31214,2026-07-16
C01-8115-14-009,Swarovski Strass #8115/14 one hole Topaz,395,30680,2025-12-15
C01-1028-18-035,Swarovski PP#1028/18 Fuchsia,323,30502,2025-12-15
C01-1028-24-040,Swarovski PP#1028/24 White Opal,264,27482,2025-12-15
C01-8015-20-001,Swarovski Strass #8015/20 one hole Medium Sapphire,470,26920,2024-07-24
C01-1028-32-023,Swarovski PP#1028/32 Black Diamond,195,24845,2026-05-21
C01-1028-32-020,Swarovski PP#1028/32 Peridot,262,24351,2025-12-15
C01-8115-14-011,Swarovski Strass #8115/14 one hole Violet,334,24170,2026-07-16
BDC-8232-0014-004,Bohemia glass 8232/14(GR) double hole Aquamarine,222,23396,2026-07-16
BDC-8232-0014-006,Bohemia glass 8232/14(PU) double hole BlueViolet,249,21783,2026-07-16
C01-1028-26-025,Swarovski PP#1028/26 Capri Blue,190,21265,2025-12-15
C01-1028-32-022,Swarovski PP#1028/32 Siam,288,20088,2025-10-16
C01-1028-32-042,Swarovski PP#1028/32 Jonquil,358,19808,2026-01-22
C01-8115-14-008,Swarovski Strass #8115/14 one hole Emerlad,236,19713,2025-12-15
C01-8115-14-010,Swarovski Strass #8115/14 one hole Light Peridot,249,18462,2025-09-30
BDC-8232-0014-009,Bohemia glass 8232/14(TO) double holeTopaz,149,15451,2026-06-16
BDC-8232-0014-008,Bohemia glass 8232/14(EM) double hole Emerald,128,13403,2026-06-16
BDC-8232-0014-003,Bohemia glass 8232/14(GO) double hole Amber,166,11394,2026-07-16
C01-1088-SS29-009,Swarovski SS#1088/SS29  TO,33,11161,2025-12-15
BDC-8232-0014-010,Bohemia glass 8232/14(LP) double hole Light Perido,120,11103,2026-07-16
C01-1028-26-035,Swarovski PP#1028/26 Fuchsia,55,9457,2026-01-22
C01-1028-18-041,Swarovski PP#1028/18 Vintage Rose,53,8465,2025-10-17
BDC-8232-0014-028,Bohemia glass 8232/14(DB) double hole DarkSapphire,46,8352,2026-03-19
C01-1028-18-044,Swarovski PP#1028/18 Light Peach,162,8327,2025-12-15
C01-801 220-002,Swarovski spectra #8290/20 double hole Crystal,59,7583,2024-11-21
C01-8115-14-012,Swarovski Strass #815/14 one hole Golden Teak,153,7056,2026-05-21
C01-8116-14-038,Swarovski Strass#8016/14 double hole Golden Shadow,137,6096,2025-11-13
C01-8115-14-028,Swarovski Strass #8115/14 one hole  Dk Sapph,174,5766,2025-12-15
BDC-8232-0018-002,Bohemia glass 8232/18(CL) double hole Crystal,70,4694,2026-06-16
C01-1028-25-017,Swarovski PP#1028/25  Blue Zircon,26,3596,2026-01-22
C01-1032-14-002,Asfour #1032/14 double hole Crystal,4,3184,2026-01-21
C01-1080-18-002,Asfour #1080/18 double hole Crystal,4,3060,2025-10-16
BDC-3130-1414-007,Bohemia heart crystal #3130 (14.4x14) Ruby,4,2900,2025-10-16
BDC-8249-0014-001,Bohemia glass 8249/14(BL) double hole Medium Sapph,8,2736,2025-10-17
BDC-8232-0014-012,Bohemia glass 8232/14(GT) double hole Golden Teak,69,2186,2026-06-15
BDC-3130-1414-002,Bohemia heart crystal #3130(14.4x14) Crystal,3,2100,2026-06-16
BDC-8149-0014-001,Bohemia glass 8149/14(BL) one  hole Medium Sapph,5,624,2025-10-17
C01-1028-26-014,Swarovski PP#1028/26 Jet,12,395,2026-04-16
BDC-3130-1414-013,Bohemia heart crystal #3130(14.4x14) Blue AB,9,291,2026-07-16
BDC-3130-1414-005,Bohemia heart crystal #3130(14.4x14) Rosaline,8,290,2026-07-16
