base_code,mix_code,crystal_item,family,size,suffix,qty_per_unit,erp_name
D0001-001-G,GX,BDC-8232-0014-003,BDC-8232,0014,003,2.0,Bohemia glass 8232/14(GO) double hole Amber
D0001-001-G,GX,BDC-8232-0014-012,BDC-8232,0014,012,2.0,Bohemia glass 8232/14(GT) double hole Golden Teak
D0001-001-G,M2,BDC-8232-0014-003,BDC-8232,0014,003,2.0,Bohemia glass 8232/14(GO) double hole Amber
D0001-001-G,M2,BDC-8232-0014-006,BDC-8232,0014,006,2.0,Bohemia glass 8232/14(PU) double hole BlueViolet
D0003-001-C,M4,BDC-8232-0014-011,BDC-8232,0014,011,2.0,Bohemia glass 8232/14(VL) double hole Violet
D0003-001-C,M4,C01-1028-18-015,C01-1028,18,015,2.0,Swarovski PP#1028/18 Amethyst
D0003-001-C,M4,C01-1028-18-020,C01-1028,18,020,8.0,Swarovski PP#1028/18 Peridot
D0003-001-G,M1,BDC-8232-0014-008,BDC-8232,0014,008,2.0,Bohemia glass 8232/14(EM) double hole Emerald
D0003-001-G,M1,C01-1028-18-008,C01-1028,18,008,2.0,Swarovski PP#1028/18 Emerald
D0003-001-G,M1,C01-1028-18-021,C01-1028,18,021,8.0,Swarovski PP#1028/18 Ruby
D0003-001-G,M2,BDC-8232-0014-009,BDC-8232,0014,009,2.0,Bohemia glass 8232/14(TO) double holeTopaz
D0003-001-G,M2,C01-1028-18-009,C01-1028,18,009,2.0,Swarovski PP#1028/18 Topaz
D0003-001-G,M2,C01-1028-18-017,C01-1028,18,017,8.0,Swarovski PP#1028/18 Blue Zircon
D0003-001-G,MX,BDC-8232-0014-002,BDC-8232,0014,002,2.0,Bohemia glass 8232/14(C1) double hole Crystal
D0003-001-G,MX,C01-1028-18-001,C01-1028,18,001,2.0,Swarovski PP#1028/18 Sapphire
D0003-001-G,MX,C01-1028-18-005,C01-1028,18,005,2.0,Swarovski PP#1028/18 Rose
D0003-001-G,MX,C01-1028-18-008,C01-1028,18,008,2.0,Swarovski PP#1028/18 Emerald
D0003-001-G,MX,C01-1028-18-009,C01-1028,18,009,2.0,Swarovski PP#1028/18 Topaz
D0003-001-G,MX,C01-1028-18-022,C01-1028,18,022,2.0,Swarovski PP#1028/18 Siam
D0006-001-C,AX,BDC-8232-0014-004,BDC-8232,0014,004,1.0,Bohemia glass 8232/14(GR) double hole Aquamarine
D0006-001-C,AX,BDC-8232-0014-013,BDC-8232,0014,013,1.0,Bohemia glass 8232/14(AB) double hole Blue AB
D0006-001-C,AX,C01-1028-18-002,C01-1028,18,002,2.0,Swarovski PP#1028/18 Crystal
D0006-001-C,MX,BDC-8232-0014-007,BDC-8232,0014,007,1.0,Bohemia glass 8232/14(RE) double hole Ruby
D0006-001-C,MX,BDC-8232-0014-008,BDC-8232,0014,008,1.0,Bohemia glass 8232/14(EM) double hole Emerald
D0006-001-C,MX,C01-1028-18-002,C01-1028,18,002,2.0,Swarovski PP#1028/18 Crystal
D0007-001-C,AX,BDC-8232-0014-003,BDC-8232,0014,003,1.0,Bohemia glass 8232/14(GO) double hole Amber
D0007-001-C,AX,BDC-8232-0014-013,BDC-8232,0014,013,2.0,Bohemia glass 8232/14(AB) double hole Blue AB
D0007-001-C,AX,C01-1028-18-002,C01-1028,18,002,2.0,Swarovski PP#1028/18 Crystal
D0008-001-C,AX,BDC-8232-0014-001,BDC-8232,0014,001,1.0,Bohemia glass 8232/14(BL) double hole Medium Sapph
D0008-001-C,AX,BDC-8232-0014-013,BDC-8232,0014,013,2.0,Bohemia glass 8232/14(AB) double hole Blue AB
D0008-001-C,AX,C01-1028-18-002,C01-1028,18,002,2.0,Swarovski PP#1028/18 Crystal
D0008-001-C,AX,C01-1028-18-016,C01-1028,18,016,6.0,Swarovski PP#1028/18 Aquamarine
D0008-001-C,M1,BDC-8232-0014-004,BDC-8232,0014,004,1.0,Bohemia glass 8232/14(GR) double hole Aquamarine
D0008-001-C,M1,BDC-8232-0014-006,BDC-8232,0014,006,2.0,Bohemia glass 8232/14(PU) double hole BlueViolet
D0008-001-C,M1,C01-1028-18-002,C01-1028,18,002,2.0,Swarovski PP#1028/18 Crystal
D0008-001-C,M1,C01-1028-18-008,C01-1028,18,008,6.0,Swarovski PP#1028/18 Emerald
D0008-001-C,M2,BDC-8232-0014-001,BDC-8232,0014,001,1.0,Bohemia glass 8232/14(BL) double hole Medium Sapph
D0008-001-C,M2,BDC-8232-0014-028,BDC-8232,0014,028,2.0,Bohemia glass 8232/14(DB) double hole DarkSapphire
D0008-001-C,M2,C01-1028-18-001,C01-1028,18,001,6.0,Swarovski PP#1028/18 Sapphire
D0008-001-C,M2,C01-1028-18-002,C01-1028,18,002,2.0,Swarovski PP#1028/18 Crystal
D0009-001-C,MX,BDC-8232-0014-001,BDC-8232,0014,001,1.0,Bohemia glass 8232/14(BL) double hole Medium Sapph
D0009-001-C,MX,BDC-8232-0014-003,BDC-8232,0014,003,1.0,Bohemia glass 8232/14(GO) double hole Amber
D0009-001-C,MX,BDC-8232-0014-004,BDC-8232,0014,004,1.0,Bohemia glass 8232/14(GR) double hole Aquamarine
D0009-001-C,MX,BDC-8232-0014-005,BDC-8232,0014,005,1.0,Bohemia glass 8232/14(PI) double hole Rosaline
D0009-001-C,MX,BDC-8232-0014-006,BDC-8232,0014,006,1.0,Bohemia glass 8232/14(PU) double hole BlueViolet
D0009-001-C,MX,BDC-8232-0014-007,BDC-8232,0014,007,1.0,Bohemia glass 8232/14(RE) double hole Ruby
D0009-001-G,MX,BDC-8232-0014-001,BDC-8232,0014,001,1.0,Bohemia glass 8232/14(BL) double hole Medium Sapph
D0009-001-G,MX,BDC-8232-0014-003,BDC-8232,0014,003,1.0,Bohemia glass 8232/14(GO) double hole Amber
D0009-001-G,MX,BDC-8232-0014-004,BDC-8232,0014,004,1.0,Bohemia glass 8232/14(GR) double hole Aquamarine
D0009-001-G,MX,BDC-8232-0014-005,BDC-8232,0014,005,1.0,Bohemia glass 8232/14(PI) double hole Rosaline
D0009-001-G,MX,BDC-8232-0014-006,BDC-8232,0014,006,1.0,Bohemia glass 8232/14(PU) double hole BlueViolet
D0009-001-G,MX,BDC-8232-0014-007,BDC-8232,0014,007,1.0,Bohemia glass 8232/14(RE) double hole Ruby
D0011-001-G,MX,BDC-8232-0014-001,BDC-8232,0014,001,1.0,Bohemia glass 8232/14(BL) double hole Medium Sapph
D0011-001-G,MX,BDC-8232-0014-003,BDC-8232,0014,003,1.0,Bohemia glass 8232/14(GO) double hole Amber
D0011-001-G,MX,BDC-8232-0014-004,BDC-8232,0014,004,1.0,Bohemia glass 8232/14(GR) double hole Aquamarine
D0011-001-G,MX,BDC-8232-0014-005,BDC-8232,0014,005,1.0,Bohemia glass 8232/14(PI) double hole Rosaline
D0011-001-G,MX,BDC-8232-0014-006,BDC-8232,0014,006,1.0,Bohemia glass 8232/14(PU) double hole BlueViolet
D0019-001-G,MX,BDC-8232-0014-001,BDC-8232,0014,001,1.0,Bohemia glass 8232/14(BL) double hole Medium Sapph
D0019-001-G,MX,BDC-8232-0014-003,BDC-8232,0014,003,1.0,Bohemia glass 8232/14(GO) double hole Amber
D0019-001-G,MX,BDC-8232-0014-004,BDC-8232,0014,004,1.0,Bohemia glass 8232/14(GR) double hole Aquamarine
D0019-001-G,MX,BDC-8232-0014-005,BDC-8232,0014,005,1.0,Bohemia glass 8232/14(PI) double hole Rosaline
D0019-001-G,MX,BDC-8232-0014-006,BDC-8232,0014,006,1.0,Bohemia glass 8232/14(PU) double hole BlueViolet
D0019-001-G,MX,C01-1028-18-002,C01-1028,18,002,3.0,Swarovski PP#1028/18 Crystal
D0020-001-C,MX,BDC-8232-0014-001,BDC-8232,0014,001,1.0,Bohemia glass 8232/14(BL) double hole Medium Sapph
D0020-001-C,MX,BDC-8232-0014-003,BDC-8232,0014,003,1.0,Bohemia glass 8232/14(GO) double hole Amber
D0020-001-C,MX,BDC-8232-0014-004,BDC-8232,0014,004,1.0,Bohemia glass 8232/14(GR) double hole Aquamarine
D0020-001-C,MX,BDC-8232-0014-005,BDC-8232,0014,005,1.0,Bohemia glass 8232/14(PI) double hole Rosaline
D0020-001-C,MX,BDC-8232-0014-006,BDC-8232,0014,006,1.0,Bohemia glass 8232/14(PU) double hole BlueViolet
D0020-001-C,MX,C01-1028-18-002,C01-1028,18,002,3.0,Swarovski PP#1028/18 Crystal
D0023-001-C,AX,BDC-8232-0014-013,BDC-8232,0014,013,2.0,Bohemia glass 8232/14(AB) double hole Blue AB
D0023-001-C,AX,C01-1028-26-017,C01-1028,26,017,2.0,Swarovski PP#1028/26 Blue Zircon
D0023-001-C,AX,C01-1028-26-021,C01-1028,26,021,1.0,Swarovski PP#1028/26 Ruby
D0023-001-C,M2,BDC-8232-0014-005,BDC-8232,0014,005,2.0,Bohemia glass 8232/14(PI) double hole Rosaline
D0023-001-C,M2,C01-1028-26-020,C01-1028,26,020,2.0,Swarovski PP#1028/26 Peridot
D0023-001-C,M2,C01-1028-26-021,C01-1028,26,021,1.0,Swarovski PP#1028/26 Ruby
D0023-001-G,GX,BDC-8232-0014-012,BDC-8232,0014,012,2.0,Bohemia glass 8232/14(GT) double hole Golden Teak
D0023-001-G,GX,C01-1028-26-021,C01-1028,26,021,1.0,Swarovski PP#1028/26 Ruby
D0023-001-G,GX,C01-1028-26-024,C01-1028,26,024,2.0,Swarovski PP#1028/26 Light Colorado Topaz
D0023-001-G,MX,BDC-8232-0014-006,BDC-8232,0014,006,2.0,Bohemia glass 8232/14(PU) double hole BlueViolet
D0023-001-G,MX,C01-1028-26-005,C01-1028,26,005,2.0,Swarovski PP#1028/26 Rose
D0023-001-G,MX,C01-1028-26-021,C01-1028,26,021,1.0,Swarovski PP#1028/26 Ruby
D0023-230-C,M3,BDC-8232-0014-011,BDC-8232,0014,011,2.0,Bohemia glass 8232/14(VL) double hole Violet
D0023-230-C,M3,C01-1028-26-016,C01-1028,26,016,2.0,Swarovski PP#1028/26 Aquamarine
D0023-230-C,M3,C01-1028-26-021,C01-1028,26,021,1.0,Swarovski PP#1028/26 Ruby
D0023-230-C,MX,BDC-8232-0014-006,BDC-8232,0014,006,2.0,Bohemia glass 8232/14(PU) double hole BlueViolet
D0023-230-C,MX,C01-1028-26-005,C01-1028,26,005,3.0,Swarovski PP#1028/26 Rose
D0023-236-C,M3,BDC-8232-0014-011,BDC-8232,0014,011,2.0,Bohemia glass 8232/14(VL) double hole Violet
D0023-236-C,M3,C01-1028-26-016,C01-1028,26,016,2.0,Swarovski PP#1028/26 Aquamarine
D0023-236-C,M3,C01-1028-26-021,C01-1028,26,021,1.0,Swarovski PP#1028/26 Ruby
D0025-001-C,AX,BDC-8232-0014-013,BDC-8232,0014,013,2.0,Bohemia glass 8232/14(AB) double hole Blue AB
D0025-001-C,AX,C01-1028-18-021,C01-1028,18,021,1.0,Swarovski PP#1028/18 Ruby
D0025-001-C,AX,C01-1028-25-017,C01-1028,25,017,2.0,Swarovski PP#1028/25  Blue Zircon
D0026-001-C,AX,BDC-8232-0014-006,BDC-8232,0014,006,1.0,Bohemia glass 8232/14(PU) double hole BlueViolet
D0026-001-C,AX,BDC-8232-0014-011,BDC-8232,0014,011,2.0,Bohemia glass 8232/14(VL) double hole Violet
D0026-001-C,AX,BDC-8232-0014-013,BDC-8232,0014,013,2.0,Bohemia glass 8232/14(AB) double hole Blue AB
D0028-001-G,M1,BDC-8232-0014-001,BDC-8232,0014,001,1.0,Bohemia glass 8232/14(BL) double hole Medium Sapph
D0028-001-G,M1,BDC-8232-0014-006,BDC-8232,0014,006,1.0,Bohemia glass 8232/14(PU) double hole BlueViolet
D0028-001-G,M1,BDC-8232-0014-007,BDC-8232,0014,007,1.0,Bohemia glass 8232/14(RE) double hole Ruby
D0028-001-G,M1,BDC-8232-0014-008,BDC-8232,0014,008,1.0,Bohemia glass 8232/14(EM) double hole Emerald
D0028-001-G,M1,BDC-8232-0014-009,BDC-8232,0014,009,1.0,Bohemia glass 8232/14(TO) double holeTopaz
D0028-001-G,MX,BDC-8232-0014-001,BDC-8232,0014,001,1.0,Bohemia glass 8232/14(BL) double hole Medium Sapph
D0028-001-G,MX,BDC-8232-0014-003,BDC-8232,0014,003,1.0,Bohemia glass 8232/14(GO) double hole Amber
D0028-001-G,MX,BDC-8232-0014-004,BDC-8232,0014,004,1.0,Bohemia glass 8232/14(GR) double hole Aquamarine
D0028-001-G,MX,BDC-8232-0014-005,BDC-8232,0014,005,1.0,Bohemia glass 8232/14(PI) double hole Rosaline
D0028-001-G,MX,BDC-8232-0014-006,BDC-8232,0014,006,1.0,Bohemia glass 8232/14(PU) double hole BlueViolet
D0028-230-C,MX,BDC-8232-0014-001,BDC-8232,0014,001,1.0,Bohemia glass 8232/14(BL) double hole Medium Sapph
D0028-230-C,MX,BDC-8232-0014-004,BDC-8232,0014,004,1.0,Bohemia glass 8232/14(GR) double hole Aquamarine
D0028-230-C,MX,BDC-8232-0014-005,BDC-8232,0014,005,1.0,Bohemia glass 8232/14(PI) double hole Rosaline
D0028-230-C,MX,BDC-8232-0014-006,BDC-8232,0014,006,1.0,Bohemia glass 8232/14(PU) double hole BlueViolet
D0028-230-C,MX,C01-8016-14-003,C01-8016,14,003,1.0,Swarovski Strass #8016/14 double hole Light Topaz
D0029-001-G,MX,BDC-8232-0014-001,BDC-8232,0014,001,1.0,Bohemia glass 8232/14(BL) double hole Medium Sapph
D0029-001-G,MX,BDC-8232-0014-002,BDC-8232,0014,002,1.0,Bohemia glass 8232/14(C1) double hole Crystal
D0029-001-G,MX,BDC-8232-0014-003,BDC-8232,0014,003,1.0,Bohemia glass 8232/14(GO) double hole Amber
D0029-001-G,MX,BDC-8232-0014-004,BDC-8232,0014,004,1.0,Bohemia glass 8232/14(GR) double hole Aquamarine
D0029-001-G,MX,BDC-8232-0014-006,BDC-8232,0014,006,1.0,Bohemia glass 8232/14(PU) double hole BlueViolet
D0029-001-G,MX,BDC-8232-0014-007,BDC-8232,0014,007,1.0,Bohemia glass 8232/14(RE) double hole Ruby
D0031-001-C,M2,BDC-8232-0014-001,BDC-8232,0014,001,2.0,Bohemia glass 8232/14(BL) double hole Medium Sapph
D0031-001-C,M2,BDC-8232-0014-028,BDC-8232,0014,028,2.0,Bohemia glass 8232/14(DB) double hole DarkSapphire
D0037-001-C,M1,BDC-8232-0014-005,BDC-8232,0014,005,1.0,Bohemia glass 8232/14(PI) double hole Rosaline
D0037-001-C,M1,BDC-8232-0014-007,BDC-8232,0014,007,1.0,Bohemia glass 8232/14(RE) double hole Ruby
D0037-001-G,M1,BDC-8232-0014-005,BDC-8232,0014,005,1.0,Bohemia glass 8232/14(PI) double hole Rosaline
D0037-001-G,M1,BDC-8232-0014-007,BDC-8232,0014,007,1.0,Bohemia glass 8232/14(RE) double hole Ruby
D0046-001-C,AX,BDC-8232-0014-003,BDC-8232,0014,003,2.0,Bohemia glass 8232/14(GO) double hole Amber
D0046-001-C,AX,BDC-8232-0014-009,BDC-8232,0014,009,2.0,Bohemia glass 8232/14(TO) double holeTopaz
D0046-001-C,AX,BDC-8232-0014-013,BDC-8232,0014,013,2.0,Bohemia glass 8232/14(AB) double hole Blue AB
D0046-001-C,MX,BDC-8232-0014-003,BDC-8232,0014,003,2.0,Bohemia glass 8232/14(GO) double hole Amber
D0046-001-C,MX,BDC-8232-0014-006,BDC-8232,0014,006,2.0,Bohemia glass 8232/14(PU) double hole BlueViolet
D0046-001-C,MX,BDC-8232-0014-008,BDC-8232,0014,008,2.0,Bohemia glass 8232/14(EM) double hole Emerald
D0046-001-G,GX,BDC-8232-0014-009,BDC-8232,0014,009,2.0,Bohemia glass 8232/14(TO) double holeTopaz
D0046-001-G,GX,C01-8016-14-003,C01-8016,14,003,2.0,Swarovski Strass #8016/14 double hole Light Topaz
D0046-001-G,GX,C01-8016-14-012,C01-8016,14,012,2.0,Swarovski Strass #8016/14 double hole Golden Teak
D0058-001-C,A1,BDC-8232-0014-011,BDC-8232,0014,011,3.0,Bohemia glass 8232/14(VL) double hole Violet
D0058-001-C,A1,BDC-8232-0014-013,BDC-8232,0014,013,3.0,Bohemia glass 8232/14(AB) double hole Blue AB
D0058-001-C,AX,BDC-8232-0014-001,BDC-8232,0014,001,3.0,Bohemia glass 8232/14(BL) double hole Medium Sapph
D0058-001-C,AX,BDC-8232-0014-013,BDC-8232,0014,013,3.0,Bohemia glass 8232/14(AB) double hole Blue AB
D0062-001-G,M2,BDC-8232-0014-004,BDC-8232,0014,004,2.0,Bohemia glass 8232/14(GR) double hole Aquamarine
D0062-001-G,M2,BDC-8232-0014-008,BDC-8232,0014,008,2.0,Bohemia glass 8232/14(EM) double hole Emerald
D0062-001-G,M2,BDC-8232-0014-028,BDC-8232,0014,028,2.0,Bohemia glass 8232/14(DB) double hole DarkSapphire
D0062-001-G,MX,BDC-8232-0014-001,BDC-8232,0014,001,1.0,Bohemia glass 8232/14(BL) double hole Medium Sapph
D0062-001-G,MX,BDC-8232-0014-003,BDC-8232,0014,003,1.0,Bohemia glass 8232/14(GO) double hole Amber
D0062-001-G,MX,BDC-8232-0014-004,BDC-8232,0014,004,1.0,Bohemia glass 8232/14(GR) double hole Aquamarine
D0062-001-G,MX,BDC-8232-0014-005,BDC-8232,0014,005,1.0,Bohemia glass 8232/14(PI) double hole Rosaline
D0062-001-G,MX,BDC-8232-0014-006,BDC-8232,0014,006,1.0,Bohemia glass 8232/14(PU) double hole BlueViolet
D0062-001-G,MX,BDC-8232-0014-007,BDC-8232,0014,007,1.0,Bohemia glass 8232/14(RE) double hole Ruby
D0092-001-C,AX,BDC-8232-0014-004,BDC-8232,0014,004,8.0,Bohemia glass 8232/14(GR) double hole Aquamarine
D0092-001-C,AX,BDC-8232-0014-013,BDC-8232,0014,013,5.0,Bohemia glass 8232/14(AB) double hole Blue AB
D0092-001-C,AX,C01-1028-18-013,C01-1028,18,013,5.0,Swarovski PP#1028/18 AB.BL
D0092-001-C,AX,C01-1028-18-017,C01-1028,18,017,4.0,Swarovski PP#1028/18 Blue Zircon
D0092-001-G,M1,BDC-8232-0014-006,BDC-8232,0014,006,4.0,Bohemia glass 8232/14(PU) double hole BlueViolet
D0092-001-G,M1,BDC-8232-0014-010,BDC-8232,0014,010,9.0,Bohemia glass 8232/14(LP) double hole Light Perido
D0092-001-G,M1,C01-1028-18-021,C01-1028,18,021,9.0,Swarovski PP#1028/18 Ruby
D0092-001-G,MX,BDC-8232-0014-002,BDC-8232,0014,002,8.0,Bohemia glass 8232/14(C1) double hole Crystal
D0092-001-G,MX,BDC-8232-0014-003,BDC-8232,0014,003,1.0,Bohemia glass 8232/14(GO) double hole Amber
D0092-001-G,MX,BDC-8232-0014-004,BDC-8232,0014,004,1.0,Bohemia glass 8232/14(GR) double hole Aquamarine
D0092-001-G,MX,BDC-8232-0014-005,BDC-8232,0014,005,1.0,Bohemia glass 8232/14(PI) double hole Rosaline
D0092-001-G,MX,BDC-8232-0014-006,BDC-8232,0014,006,1.0,Bohemia glass 8232/14(PU) double hole BlueViolet
D0092-001-G,MX,BDC-8232-0014-007,BDC-8232,0014,007,1.0,Bohemia glass 8232/14(RE) double hole Ruby
D0092-001-G,MX,C01-1028-18-002,C01-1028,18,002,4.0,Swarovski PP#1028/18 Crystal
D0092-001-G,MX,C01-1028-18-005,C01-1028,18,005,1.0,Swarovski PP#1028/18 Rose
D0092-001-G,MX,C01-1028-18-008,C01-1028,18,008,1.0,Swarovski PP#1028/18 Emerald
D0092-001-G,MX,C01-1028-18-009,C01-1028,18,009,1.0,Swarovski PP#1028/18 Topaz
D0092-001-G,MX,C01-1028-18-015,C01-1028,18,015,1.0,Swarovski PP#1028/18 Amethyst
D0092-001-G,MX,C01-1028-18-022,C01-1028,18,022,1.0,Swarovski PP#1028/18 Siam
D0110-001-C,M1,BDC-8232-0014-004,BDC-8232,0014,004,2.0,Bohemia glass 8232/14(GR) double hole Aquamarine
D0110-001-C,M1,BDC-8232-0014-005,BDC-8232,0014,005,2.0,Bohemia glass 8232/14(PI) double hole Rosaline
D0112-001-C,MX,BDC-8232-0014-001,BDC-8232,0014,001,2.0,Bohemia glass 8232/14(BL) double hole Medium Sapph
D0112-001-C,MX,BDC-8232-0014-004,BDC-8232,0014,004,2.0,Bohemia glass 8232/14(GR) double hole Aquamarine
D0121-001-G,MX,BDC-8232-0018-002,BDC-8232,0018,002,1.0,Bohemia glass 8232/18(CL) double hole Crystal
D0121-001-G,MX,C01-1028-26-001,C01-1028,26,001,2.0,Swarovski PP#1028/26 Sapphire
D0121-001-G,MX,C01-1028-26-002,C01-1028,26,002,2.0,Swarovski PP#1028/26 Crystal
D0121-001-G,MX,C01-1028-26-005,C01-1028,26,005,2.0,Swarovski PP#1028/26 Rose
D0121-001-G,MX,C01-1028-26-008,C01-1028,26,008,2.0,Swarovski PP#1028/26 Emerald
D0121-001-G,MX,C01-1028-26-009,C01-1028,26,009,2.0,Swarovski PP#1028/26 Topaz
D0121-001-G,MX,C01-1028-26-022,C01-1028,26,022,2.0,Swarovski PP#1028/26 Siam
D0135-001-C,AX,BDC-8232-0014-005,BDC-8232,0014,005,1.0,Bohemia glass 8232/14(PI) double hole Rosaline
D0135-001-C,AX,BDC-8232-0014-011,BDC-8232,0014,011,1.0,Bohemia glass 8232/14(VL) double hole Violet
D0135-001-C,AX,BDC-8232-0014-013,BDC-8232,0014,013,1.0,Bohemia glass 8232/14(AB) double hole Blue AB
D0135-001-C,AX,C01-1028-32-013,C01-1028,32,013,2.0,Swarovski PP#1028/32  AB BL
D0135-001-G,GX,BDC-8232-0014-003,BDC-8232,0014,003,1.0,Bohemia glass 8232/14(GO) double hole Amber
D0135-001-G,GX,BDC-8232-0014-009,BDC-8232,0014,009,1.0,Bohemia glass 8232/14(TO) double holeTopaz
D0135-001-G,GX,BDC-8232-0014-012,BDC-8232,0014,012,1.0,Bohemia glass 8232/14(GT) double hole Golden Teak
D0135-001-G,GX,C01-1028-32-023,C01-1028,32,023,2.0,Swarovski PP#1028/32 Black Diamond
D0135-001-G,MX,BDC-8232-0014-001,BDC-8232,0014,001,1.0,Bohemia glass 8232/14(BL) double hole Medium Sapph
D0135-001-G,MX,BDC-8232-0014-004,BDC-8232,0014,004,1.0,Bohemia glass 8232/14(GR) double hole Aquamarine
D0135-001-G,MX,BDC-8232-0014-007,BDC-8232,0014,007,1.0,Bohemia glass 8232/14(RE) double hole Ruby
D0135-001-G,MX,C01-1028-32-001,C01-1028,32,001,2.0,Swarovski PP#1028/32 Sapphire
D0139-001-C,MX,BDC-8232-0014-001,BDC-8232,0014,001,1.0,Bohemia glass 8232/14(BL) double hole Medium Sapph
D0139-001-C,MX,BDC-8232-0014-003,BDC-8232,0014,003,1.0,Bohemia glass 8232/14(GO) double hole Amber
D0139-001-C,MX,BDC-8232-0014-004,BDC-8232,0014,004,1.0,Bohemia glass 8232/14(GR) double hole Aquamarine
D0139-001-C,MX,BDC-8232-0014-005,BDC-8232,0014,005,1.0,Bohemia glass 8232/14(PI) double hole Rosaline
D0173-001-C,M1,BDC-8232-0014-005,BDC-8232,0014,005,1.0,Bohemia glass 8232/14(PI) double hole Rosaline
D0173-001-C,M1,BDC-8232-0014-007,BDC-8232,0014,007,1.0,Bohemia glass 8232/14(RE) double hole Ruby
D0173-001-C,MX,BDC-8232-0014-007,BDC-8232,0014,007,1.0,Bohemia glass 8232/14(RE) double hole Ruby
D0173-001-C,MX,C01-8016-14-003,C01-8016,14,003,1.0,Swarovski Strass #8016/14 double hole Light Topaz
D0173-001-G,M1,BDC-8232-0014-005,BDC-8232,0014,005,1.0,Bohemia glass 8232/14(PI) double hole Rosaline
D0173-001-G,M1,BDC-8232-0014-007,BDC-8232,0014,007,1.0,Bohemia glass 8232/14(RE) double hole Ruby
D0174-001-C,M1,BDC-8232-0014-005,BDC-8232,0014,005,1.0,Bohemia glass 8232/14(PI) double hole Rosaline
D0174-001-C,M1,BDC-8232-0014-007,BDC-8232,0014,007,1.0,Bohemia glass 8232/14(RE) double hole Ruby
D0175-001-C,M1,BDC-8232-0014-005,BDC-8232,0014,005,1.0,Bohemia glass 8232/14(PI) double hole Rosaline
D0175-001-C,M1,BDC-8232-0014-007,BDC-8232,0014,007,1.0,Bohemia glass 8232/14(RE) double hole Ruby
D0175-001-C,M2,BDC-8232-0014-005,BDC-8232,0014,005,1.0,Bohemia glass 8232/14(PI) double hole Rosaline
D0175-001-C,M2,BDC-8232-0014-006,BDC-8232,0014,006,1.0,Bohemia glass 8232/14(PU) double hole BlueViolet
D0175-001-C,MX,BDC-8232-0014-003,BDC-8232,0014,003,1.0,Bohemia glass 8232/14(GO) double hole Amber
D0175-001-C,MX,BDC-8232-0014-007,BDC-8232,0014,007,1.0,Bohemia glass 8232/14(RE) double hole Ruby
D0175-001-G,M1,BDC-8232-0014-005,BDC-8232,0014,005,1.0,Bohemia glass 8232/14(PI) double hole Rosaline
D0175-001-G,M1,BDC-8232-0014-007,BDC-8232,0014,007,1.0,Bohemia glass 8232/14(RE) double hole Ruby
D0175-001-G,M2,BDC-8232-0014-005,BDC-8232,0014,005,1.0,Bohemia glass 8232/14(PI) double hole Rosaline
D0175-001-G,M2,BDC-8232-0014-006,BDC-8232,0014,006,1.0,Bohemia glass 8232/14(PU) double hole BlueViolet
D0175-001-G,MX,BDC-8232-0014-003,BDC-8232,0014,003,1.0,Bohemia glass 8232/14(GO) double hole Amber
D0175-001-G,MX,BDC-8232-0014-007,BDC-8232,0014,007,1.0,Bohemia glass 8232/14(RE) double hole Ruby
D0209-001-C,M1,BDC-8232-0014-001,BDC-8232,0014,001,3.0,Bohemia glass 8232/14(BL) double hole Medium Sapph
D0209-001-C,M1,BDC-8232-0014-004,BDC-8232,0014,004,3.0,Bohemia glass 8232/14(GR) double hole Aquamarine
D0209-001-C,M1,BDC-8232-0014-013,BDC-8232,0014,013,1.0,Bohemia glass 8232/14(AB) double hole Blue AB
D0209-001-C,M1,C01-1028-26-002,C01-1028,26,002,2.0,Swarovski PP#1028/26 Crystal
D0209-001-C,M3,BDC-8232-0014-004,BDC-8232,0014,004,3.0,Bohemia glass 8232/14(GR) double hole Aquamarine
D0209-001-C,M3,BDC-8232-0014-008,BDC-8232,0014,008,1.0,Bohemia glass 8232/14(EM) double hole Emerald
D0209-001-C,M3,BDC-8232-0014-010,BDC-8232,0014,010,3.0,Bohemia glass 8232/14(LP) double hole Light Perido
D0209-001-C,M3,C01-1028-26-002,C01-1028,26,002,2.0,Swarovski PP#1028/26 Crystal
D0209-001-C,MX,BDC-8232-0014-001,BDC-8232,0014,001,1.0,Bohemia glass 8232/14(BL) double hole Medium Sapph
D0209-001-C,MX,BDC-8232-0014-002,BDC-8232,0014,002,1.0,Bohemia glass 8232/14(C1) double hole Crystal
D0209-001-C,MX,BDC-8232-0014-003,BDC-8232,0014,003,1.0,Bohemia glass 8232/14(GO) double hole Amber
D0209-001-C,MX,BDC-8232-0014-004,BDC-8232,0014,004,1.0,Bohemia glass 8232/14(GR) double hole Aquamarine
D0209-001-C,MX,BDC-8232-0014-005,BDC-8232,0014,005,1.0,Bohemia glass 8232/14(PI) double hole Rosaline
D0209-001-C,MX,BDC-8232-0014-006,BDC-8232,0014,006,1.0,Bohemia glass 8232/14(PU) double hole BlueViolet
D0209-001-C,MX,BDC-8232-0014-007,BDC-8232,0014,007,1.0,Bohemia glass 8232/14(RE) double hole Ruby
D0209-001-C,MX,C01-1028-26-002,C01-1028,26,002,2.0,Swarovski PP#1028/26 Crystal
D0209-001-G,M1,BDC-8232-0014-001,BDC-8232,0014,001,3.0,Bohemia glass 8232/14(BL) double hole Medium Sapph
D0209-001-G,M1,BDC-8232-0014-004,BDC-8232,0014,004,3.0,Bohemia glass 8232/14(GR) double hole Aquamarine
D0209-001-G,M1,BDC-8232-0014-013,BDC-8232,0014,013,1.0,Bohemia glass 8232/14(AB) double hole Blue AB
D0209-001-G,M1,C01-1028-26-002,C01-1028,26,002,2.0,Swarovski PP#1028/26 Crystal
D0209-001-G,M2,BDC-8232-0014-003,BDC-8232,0014,003,3.0,Bohemia glass 8232/14(GO) double hole Amber
D0209-001-G,M2,BDC-8232-0014-009,BDC-8232,0014,009,3.0,Bohemia glass 8232/14(TO) double holeTopaz
D0209-001-G,M2,BDC-8232-0014-012,BDC-8232,0014,012,1.0,Bohemia glass 8232/14(GT) double hole Golden Teak
D0209-001-G,M2,C01-1028-26-002,C01-1028,26,002,2.0,Swarovski PP#1028/26 Crystal
D0209-001-G,MX,BDC-8232-0014-001,BDC-8232,0014,001,1.0,Bohemia glass 8232/14(BL) double hole Medium Sapph
D0209-001-G,MX,BDC-8232-0014-002,BDC-8232,0014,002,1.0,Bohemia glass 8232/14(C1) double hole Crystal
D0209-001-G,MX,BDC-8232-0014-003,BDC-8232,0014,003,1.0,Bohemia glass 8232/14(GO) double hole Amber
D0209-001-G,MX,BDC-8232-0014-004,BDC-8232,0014,004,1.0,Bohemia glass 8232/14(GR) double hole Aquamarine
D0209-001-G,MX,BDC-8232-0014-005,BDC-8232,0014,005,1.0,Bohemia glass 8232/14(PI) double hole Rosaline
D0209-001-G,MX,BDC-8232-0014-006,BDC-8232,0014,006,1.0,Bohemia glass 8232/14(PU) double hole BlueViolet
D0209-001-G,MX,BDC-8232-0014-007,BDC-8232,0014,007,1.0,Bohemia glass 8232/14(RE) double hole Ruby
D0209-001-G,MX,C01-1028-26-002,C01-1028,26,002,2.0,Swarovski PP#1028/26 Crystal
D0215-001-C,M1,BDC-8232-0014-002,BDC-8232,0014,002,4.0,Bohemia glass 8232/14(C1) double hole Crystal
D0215-001-C,M1,BDC-8232-0014-003,BDC-8232,0014,003,1.0,Bohemia glass 8232/14(GO) double hole Amber
D0215-001-C,M1,BDC-8232-0014-004,BDC-8232,0014,004,1.0,Bohemia glass 8232/14(GR) double hole Aquamarine
D0215-001-C,M1,BDC-8232-0014-005,BDC-8232,0014,005,1.0,Bohemia glass 8232/14(PI) double hole Rosaline
D0215-001-C,M1,BDC-8232-0014-010,BDC-8232,0014,010,1.0,Bohemia glass 8232/14(LP) double hole Light Perido
D0215-001-C,M1,BDC-8232-0014-011,BDC-8232,0014,011,1.0,Bohemia glass 8232/14(VL) double hole Violet
D0215-001-C,M2,BDC-8232-0014-001,BDC-8232,0014,001,1.0,Bohemia glass 8232/14(BL) double hole Medium Sapph
D0215-001-C,M2,BDC-8232-0014-002,BDC-8232,0014,002,4.0,Bohemia glass 8232/14(C1) double hole Crystal
D0215-001-C,M2,BDC-8232-0014-006,BDC-8232,0014,006,1.0,Bohemia glass 8232/14(PU) double hole BlueViolet
D0215-001-C,M2,BDC-8232-0014-007,BDC-8232,0014,007,1.0,Bohemia glass 8232/14(RE) double hole Ruby
D0215-001-C,M2,BDC-8232-0014-008,BDC-8232,0014,008,1.0,Bohemia glass 8232/14(EM) double hole Emerald
D0215-001-C,M2,BDC-8232-0014-009,BDC-8232,0014,009,1.0,Bohemia glass 8232/14(TO) double holeTopaz
D0215-001-C,M3,BDC-8232-0014-001,BDC-8232,0014,001,1.0,Bohemia glass 8232/14(BL) double hole Medium Sapph
D0215-001-C,M3,BDC-8232-0014-006,BDC-8232,0014,006,1.0,Bohemia glass 8232/14(PU) double hole BlueViolet
D0215-001-C,M3,BDC-8232-0014-007,BDC-8232,0014,007,1.0,Bohemia glass 8232/14(RE) double hole Ruby
D0215-001-C,M3,BDC-8232-0014-008,BDC-8232,0014,008,1.0,Bohemia glass 8232/14(EM) double hole Emerald
D0215-001-C,M3,BDC-8232-0014-009,BDC-8232,0014,009,1.0,Bohemia glass 8232/14(TO) double holeTopaz
D0215-001-C,M3,BDC-8232-0014-011,BDC-8232,0014,011,4.0,Bohemia glass 8232/14(VL) double hole Violet
D0215-001-C,MX,BDC-8232-0014-003,BDC-8232,0014,003,1.0,Bohemia glass 8232/14(GO) double hole Amber
D0215-001-C,MX,BDC-8232-0014-004,BDC-8232,0014,004,1.0,Bohemia glass 8232/14(GR) double hole Aquamarine
D0215-001-C,MX,BDC-8232-0014-005,BDC-8232,0014,005,1.0,Bohemia glass 8232/14(PI) double hole Rosaline
D0215-001-C,MX,BDC-8232-0014-006,BDC-8232,0014,006,4.0,Bohemia glass 8232/14(PU) double hole BlueViolet
D0215-001-C,MX,BDC-8232-0014-010,BDC-8232,0014,010,1.0,Bohemia glass 8232/14(LP) double hole Light Perido
D0215-001-C,MX,BDC-8232-0014-011,BDC-8232,0014,011,1.0,Bohemia glass 8232/14(VL) double hole Violet
D0215-001-G,M1,BDC-8232-0014-002,BDC-8232,0014,002,4.0,Bohemia glass 8232/14(C1) double hole Crystal
D0215-001-G,M1,BDC-8232-0014-003,BDC-8232,0014,003,1.0,Bohemia glass 8232/14(GO) double hole Amber
D0215-001-G,M1,BDC-8232-0014-004,BDC-8232,0014,004,1.0,Bohemia glass 8232/14(GR) double hole Aquamarine
D0215-001-G,M1,BDC-8232-0014-005,BDC-8232,0014,005,1.0,Bohemia glass 8232/14(PI) double hole Rosaline
D0215-001-G,M1,BDC-8232-0014-010,BDC-8232,0014,010,1.0,Bohemia glass 8232/14(LP) double hole Light Perido
D0215-001-G,M1,BDC-8232-0014-011,BDC-8232,0014,011,1.0,Bohemia glass 8232/14(VL) double hole Violet
D0215-001-G,M2,BDC-8232-0014-001,BDC-8232,0014,001,1.0,Bohemia glass 8232/14(BL) double hole Medium Sapph
D0215-001-G,M2,BDC-8232-0014-002,BDC-8232,0014,002,4.0,Bohemia glass 8232/14(C1) double hole Crystal
D0215-001-G,M2,BDC-8232-0014-006,BDC-8232,0014,006,1.0,Bohemia glass 8232/14(PU) double hole BlueViolet
D0215-001-G,M2,BDC-8232-0014-007,BDC-8232,0014,007,1.0,Bohemia glass 8232/14(RE) double hole Ruby
D0215-001-G,M2,BDC-8232-0014-008,BDC-8232,0014,008,1.0,Bohemia glass 8232/14(EM) double hole Emerald
D0215-001-G,M2,BDC-8232-0014-009,BDC-8232,0014,009,1.0,Bohemia glass 8232/14(TO) double holeTopaz
D0215-001-G,M3,BDC-8232-0014-001,BDC-8232,0014,001,1.0,Bohemia glass 8232/14(BL) double hole Medium Sapph
D0215-001-G,M3,BDC-8232-0014-006,BDC-8232,0014,006,1.0,Bohemia glass 8232/14(PU) double hole BlueViolet
D0215-001-G,M3,BDC-8232-0014-007,BDC-8232,0014,007,1.0,Bohemia glass 8232/14(RE) double hole Ruby
D0215-001-G,M3,BDC-8232-0014-008,BDC-8232,0014,008,1.0,Bohemia glass 8232/14(EM) double hole Emerald
D0215-001-G,M3,BDC-8232-0014-009,BDC-8232,0014,009,1.0,Bohemia glass 8232/14(TO) double holeTopaz
D0215-001-G,M3,BDC-8232-0014-011,BDC-8232,0014,011,4.0,Bohemia glass 8232/14(VL) double hole Violet
D0221-001-C,M1,BDC-8232-0014-007,BDC-8232,0014,007,2.0,Bohemia glass 8232/14(RE) double hole Ruby
D0221-001-C,M1,BDC-8232-0014-010,BDC-8232,0014,010,2.0,Bohemia glass 8232/14(LP) double hole Light Perido
D0221-001-C,M1,C01-1028-26-020,C01-1028,26,020,6.0,Swarovski PP#1028/26 Peridot
D0221-001-C,M2,BDC-8232-0014-003,BDC-8232,0014,003,2.0,Bohemia glass 8232/14(GO) double hole Amber
D0221-001-C,M2,BDC-8232-0014-008,BDC-8232,0014,008,2.0,Bohemia glass 8232/14(EM) double hole Emerald
D0221-001-C,M2,C01-1028-26-009,C01-1028,26,009,6.0,Swarovski PP#1028/26 Topaz
D0221-001-C,M4,BDC-8232-0014-005,BDC-8232,0014,005,2.0,Bohemia glass 8232/14(PI) double hole Rosaline
D0221-001-C,M4,BDC-8232-0014-006,BDC-8232,0014,006,2.0,Bohemia glass 8232/14(PU) double hole BlueViolet
D0221-001-C,M4,C01-1028-26-005,C01-1028,26,005,6.0,Swarovski PP#1028/26 Rose
D0221-001-C,MX,BDC-8232-0014-004,BDC-8232,0014,004,2.0,Bohemia glass 8232/14(GR) double hole Aquamarine
D0221-001-C,MX,BDC-8232-0014-009,BDC-8232,0014,009,2.0,Bohemia glass 8232/14(TO) double holeTopaz
D0221-001-C,MX,C01-1028-26-017,C01-1028,26,017,6.0,Swarovski PP#1028/26 Blue Zircon
D0221-001-G,M1,BDC-8232-0014-007,BDC-8232,0014,007,2.0,Bohemia glass 8232/14(RE) double hole Ruby
D0221-001-G,M1,BDC-8232-0014-010,BDC-8232,0014,010,2.0,Bohemia glass 8232/14(LP) double hole Light Perido
D0221-001-G,M1,C01-1028-26-020,C01-1028,26,020,6.0,Swarovski PP#1028/26 Peridot
D0221-001-G,M4,BDC-8232-0014-005,BDC-8232,0014,005,2.0,Bohemia glass 8232/14(PI) double hole Rosaline
D0221-001-G,M4,BDC-8232-0014-006,BDC-8232,0014,006,2.0,Bohemia glass 8232/14(PU) double hole BlueViolet
D0221-001-G,M4,C01-1028-26-005,C01-1028,26,005,6.0,Swarovski PP#1028/26 Rose
D0240-224-C,M3,BDC-8232-0014-011,BDC-8232,0014,011,7.0,Bohemia glass 8232/14(VL) double hole Violet
D0240-224-C,M3,C01-1028-18-001,C01-1028,18,001,7.0,Swarovski PP#1028/18 Sapphire
D0240-224-C,M4,BDC-8232-0014-005,BDC-8232,0014,005,7.0,Bohemia glass 8232/14(PI) double hole Rosaline
D0240-224-C,M4,C01-1028-18-021,C01-1028,18,021,7.0,Swarovski PP#1028/18 Ruby
D0240-224-G,M1,BDC-8232-0014-007,BDC-8232,0014,007,7.0,Bohemia glass 8232/14(RE) double hole Ruby
D0240-224-G,M1,C01-1028-18-019,C01-1028,18,019,7.0,Swarovski PP#1028/18 Light Amethyst
D0240-224-G,M3,BDC-8232-0014-011,BDC-8232,0014,011,7.0,Bohemia glass 8232/14(VL) double hole Violet
D0240-224-G,M3,C01-1028-18-001,C01-1028,18,001,7.0,Swarovski PP#1028/18 Sapphire
D0246-001-C,M2,BDC-8232-0014-001,BDC-8232,0014,001,2.0,Bohemia glass 8232/14(BL) double hole Medium Sapph
D0246-001-C,M2,BDC-8232-0014-005,BDC-8232,0014,005,1.0,Bohemia glass 8232/14(PI) double hole Rosaline
D0246-001-C,M2,BDC-8232-0014-010,BDC-8232,0014,010,1.0,Bohemia glass 8232/14(LP) double hole Light Perido
D0246-001-C,M2,BDC-8232-0014-011,BDC-8232,0014,011,1.0,Bohemia glass 8232/14(VL) double hole Violet
D0246-001-C,M2,C01-1028-18-016,C01-1028,18,016,6.0,Swarovski PP#1028/18 Aquamarine
D0246-001-C,M2,C01-1028-26-002,C01-1028,26,002,1.0,Swarovski PP#1028/26 Crystal
D0246-001-C,M4,BDC-8232-0014-003,BDC-8232,0014,003,1.0,Bohemia glass 8232/14(GO) double hole Amber
D0246-001-C,M4,BDC-8232-0014-004,BDC-8232,0014,004,1.0,Bohemia glass 8232/14(GR) double hole Aquamarine
D0246-001-C,M4,BDC-8232-0014-006,BDC-8232,0014,006,2.0,Bohemia glass 8232/14(PU) double hole BlueViolet
D0246-001-C,M4,BDC-8232-0014-010,BDC-8232,0014,010,1.0,Bohemia glass 8232/14(LP) double hole Light Perido
D0246-001-C,M4,C01-1028-18-005,C01-1028,18,005,6.0,Swarovski PP#1028/18 Rose
D0246-001-C,M4,C01-1028-26-002,C01-1028,26,002,1.0,Swarovski PP#1028/26 Crystal
D0246-001-G,MX,BDC-8232-0014-005,BDC-8232,0014,005,3.0,Bohemia glass 8232/14(PI) double hole Rosaline
D0246-001-G,MX,BDC-8232-0014-011,BDC-8232,0014,011,2.0,Bohemia glass 8232/14(VL) double hole Violet
D0246-001-G,MX,C01-1028-18-002,C01-1028,18,002,6.0,Swarovski PP#1028/18 Crystal
D0246-001-G,MX,C01-1028-26-002,C01-1028,26,002,1.0,Swarovski PP#1028/26 Crystal
D0256-001-G,GX,BDC-8232-0014-009,BDC-8232,0014,009,1.0,Bohemia glass 8232/14(TO) double holeTopaz
D0256-001-G,GX,C01-8016-14-003,C01-8016,14,003,2.0,Swarovski Strass #8016/14 double hole Light Topaz
D0256-001-G,GX,C01-8016-14-012,C01-8016,14,012,2.0,Swarovski Strass #8016/14 double hole Golden Teak
D0256-001-G,MX,BDC-8232-0014-003,BDC-8232,0014,003,1.0,Bohemia glass 8232/14(GO) double hole Amber
D0256-001-G,MX,BDC-8232-0014-004,BDC-8232,0014,004,1.0,Bohemia glass 8232/14(GR) double hole Aquamarine
D0256-001-G,MX,BDC-8232-0014-005,BDC-8232,0014,005,1.0,Bohemia glass 8232/14(PI) double hole Rosaline
D0256-001-G,MX,BDC-8232-0014-006,BDC-8232,0014,006,1.0,Bohemia glass 8232/14(PU) double hole BlueViolet
D0256-001-G,MX,BDC-8232-0014-007,BDC-8232,0014,007,1.0,Bohemia glass 8232/14(RE) double hole Ruby
D0279-001-C,M1,BDC-8232-0014-002,BDC-8232,0014,002,1.0,Bohemia glass 8232/14(C1) double hole Crystal
D0279-001-C,M1,BDC-8232-0018-002,BDC-8232,0018,002,1.0,Bohemia glass 8232/18(CL) double hole Crystal
D0279-001-C,M1,C01-1028-26-016,C01-1028,26,016,3.0,Swarovski PP#1028/26 Aquamarine
D0279-001-C,M1,C01-1028-26-019,C01-1028,26,019,2.0,Swarovski PP#1028/26 Light Amethyst
D0327-001-C,M1,BDC-8232-0014-005,BDC-8232,0014,005,1.0,Bohemia glass 8232/14(PI) double hole Rosaline
D0327-001-C,M1,BDC-8232-0014-006,BDC-8232,0014,006,2.0,Bohemia glass 8232/14(PU) double hole BlueViolet
D0327-001-C,M1,BDC-8232-0014-011,BDC-8232,0014,011,2.0,Bohemia glass 8232/14(VL) double hole Violet
D0327-001-C,M2,BDC-8232-0014-006,BDC-8232,0014,006,1.0,Bohemia glass 8232/14(PU) double hole BlueViolet
D0327-001-C,M2,BDC-8232-0014-007,BDC-8232,0014,007,1.0,Bohemia glass 8232/14(RE) double hole Ruby
D0327-001-C,M2,BDC-8232-0014-008,BDC-8232,0014,008,1.0,Bohemia glass 8232/14(EM) double hole Emerald
D0327-001-C,M2,BDC-8232-0014-009,BDC-8232,0014,009,1.0,Bohemia glass 8232/14(TO) double holeTopaz
D0327-001-C,M2,BDC-8232-0014-028,BDC-8232,0014,028,1.0,Bohemia glass 8232/14(DB) double hole DarkSapphire
D0327-001-C,MX,BDC-8232-0014-003,BDC-8232,0014,003,1.0,Bohemia glass 8232/14(GO) double hole Amber
D0327-001-C,MX,BDC-8232-0014-004,BDC-8232,0014,004,1.0,Bohemia glass 8232/14(GR) double hole Aquamarine
D0327-001-C,MX,BDC-8232-0014-005,BDC-8232,0014,005,1.0,Bohemia glass 8232/14(PI) double hole Rosaline
D0327-001-C,MX,BDC-8232-0014-010,BDC-8232,0014,010,1.0,Bohemia glass 8232/14(LP) double hole Light Perido
D0327-001-C,MX,BDC-8232-0014-011,BDC-8232,0014,011,1.0,Bohemia glass 8232/14(VL) double hole Violet
D0327-001-G,MX,BDC-8232-0014-003,BDC-8232,0014,003,1.0,Bohemia glass 8232/14(GO) double hole Amber
D0327-001-G,MX,BDC-8232-0014-004,BDC-8232,0014,004,1.0,Bohemia glass 8232/14(GR) double hole Aquamarine
D0327-001-G,MX,BDC-8232-0014-005,BDC-8232,0014,005,1.0,Bohemia glass 8232/14(PI) double hole Rosaline
D0327-001-G,MX,BDC-8232-0014-010,BDC-8232,0014,010,1.0,Bohemia glass 8232/14(LP) double hole Light Perido
D0327-001-G,MX,BDC-8232-0014-011,BDC-8232,0014,011,1.0,Bohemia glass 8232/14(VL) double hole Violet
D0327-236-C,AX,BDC-8232-0014-005,BDC-8232,0014,005,2.0,Bohemia glass 8232/14(PI) double hole Rosaline
D0327-236-C,AX,BDC-8232-0014-011,BDC-8232,0014,011,1.0,Bohemia glass 8232/14(VL) double hole Violet
D0327-236-C,AX,BDC-8232-0014-013,BDC-8232,0014,013,2.0,Bohemia glass 8232/14(AB) double hole Blue AB
D0327-236-G,MX,BDC-8232-0014-003,BDC-8232,0014,003,1.0,Bohemia glass 8232/14(GO) double hole Amber
D0327-236-G,MX,BDC-8232-0014-004,BDC-8232,0014,004,1.0,Bohemia glass 8232/14(GR) double hole Aquamarine
D0327-236-G,MX,BDC-8232-0014-005,BDC-8232,0014,005,1.0,Bohemia glass 8232/14(PI) double hole Rosaline
D0327-236-G,MX,BDC-8232-0014-010,BDC-8232,0014,010,1.0,Bohemia glass 8232/14(LP) double hole Light Perido
D0327-236-G,MX,BDC-8232-0014-011,BDC-8232,0014,011,1.0,Bohemia glass 8232/14(VL) double hole Violet
D0353-159-G,MX,BDC-8232-0014-007,BDC-8232,0014,007,1.0,Bohemia glass 8232/14(RE) double hole Ruby
D0353-159-G,MX,BDC-8232-0014-009,BDC-8232,0014,009,3.0,Bohemia glass 8232/14(TO) double holeTopaz
D0353-159-G,MX,BDC-8232-0014-010,BDC-8232,0014,010,6.0,Bohemia glass 8232/14(LP) double hole Light Perido
D0353-159-G,MX,C01-1028-18-002,C01-1028,18,002,24.0,Swarovski PP#1028/18 Crystal
D0353-159-G,MX,C01-1028-26-002,C01-1028,26,002,3.0,Swarovski PP#1028/26 Crystal
D0354-159-G,MX,BDC-8232-0014-007,BDC-8232,0014,007,1.0,Bohemia glass 8232/14(RE) double hole Ruby
D0354-159-G,MX,BDC-8232-0014-009,BDC-8232,0014,009,3.0,Bohemia glass 8232/14(TO) double holeTopaz
D0354-159-G,MX,BDC-8232-0014-010,BDC-8232,0014,010,3.0,Bohemia glass 8232/14(LP) double hole Light Perido
M0014-230-G,GX,BDC-8232-0014-012,BDC-8232,0014,012,2.0,Bohemia glass 8232/14(GT) double hole Golden Teak
M0014-230-G,GX,C01-8115-14-003,C01-8115,14,003,1.0,Swarovski Strass #8115/14 one hole Light Topaz
M0017-001-C,AX,BDC-8232-0014-013,BDC-8232,0014,013,2.0,Bohemia glass 8232/14(AB) double hole Blue AB
M0017-001-C,AX,C01-8115-14-011,C01-8115,14,011,1.0,Swarovski Strass #8115/14 one hole Violet
M0122-001-C,AX,BDC-8232-0014-011,BDC-8232,0014,011,1.0,Bohemia glass 8232/14(VL) double hole Violet
M0122-001-C,AX,BDC-8232-0014-013,BDC-8232,0014,013,2.0,Bohemia glass 8232/14(AB) double hole Blue AB
M0122-001-C,AX,C01-8102-20-002,C01-8102,20,002,1.0,Swarovski Strass #8102/20 double hole Crystal
M0122-001-C,MX,BDC-8232-0014-001,BDC-8232,0014,001,1.0,Bohemia glass 8232/14(BL) double hole Medium Sapph
M0122-001-C,MX,BDC-8232-0014-004,BDC-8232,0014,004,2.0,Bohemia glass 8232/14(GR) double hole Aquamarine
M0122-001-C,MX,C01-8102-20-001,C01-8102,20,001,1.0,Swarovski Strass #8102/20 double hole medium Sapph
U0411-001-G,M1,C01-1028-18-003,C01-1028,18,003,8.0,Swarovski PP#1028/18 Light Topaz
U0411-001-G,M1,C01-1028-18-016,C01-1028,18,016,3.0,Swarovski PP#1028/18 Aquamarine
U0411-001-G,M1,C01-1028-18-017,C01-1028,18,017,4.0,Swarovski PP#1028/18 Blue Zircon
U0411-001-G,M1,C01-1028-18-025,C01-1028,18,025,2.0,Swarovski PP#1028/18 Capri Blue
U0411-001-G,M1,C01-1028-26-008,C01-1028,26,008,2.0,Swarovski PP#1028/26 Emerald
U0411-001-G,M1,C01-1028-26-017,C01-1028,26,017,3.0,Swarovski PP#1028/26 Blue Zircon
U0411-001-G,M1,C01-1028-26-020,C01-1028,26,020,3.0,Swarovski PP#1028/26 Peridot
U0411-001-G,M1,C01-1028-32-009,C01-1028,32,009,1.0,Swarovski PP#1028/32 Topaz
U0411-001-G,M1,C01-1028-32-025,C01-1028,32,025,1.0,Swarovski PP#1028/32 Capri Blue
U0413-001-C,M1,C01-1028-18-005,C01-1028,18,005,4.0,Swarovski PP#1028/18 Rose
U0413-001-C,M1,C01-1028-18-019,C01-1028,18,019,6.0,Swarovski PP#1028/18 Light Amethyst
U0413-001-C,M1,C01-1028-18-035,C01-1028,18,035,4.0,Swarovski PP#1028/18 Fuchsia
U0413-001-C,M1,C01-1028-24-041,C01-1028,24,041,4.0,Swarovski PP#1028/24 Vintage Rose
U0413-001-C,M1,C01-1028-26-021,C01-1028,26,021,1.0,Swarovski PP#1028/26 Ruby
U0413-001-C,M1,C01-1028-26-035,C01-1028,26,035,2.0,Swarovski PP#1028/26 Fuchsia
U0413-001-C,M1,C01-1028-32-005,C01-1028,32,005,1.0,Swarovski PP#1028/32 Rose
U0413-001-C,M1,C01-1028-32-019,C01-1028,32,019,1.0,Swarovski PP#1028/32 Light Amethyst
U0413-001-C,M1,C01-1028-32-021,C01-1028,32,021,3.0,Swarovski PP#1028/32 Ruby
U0413-001-G,M1,C01-1028-18-005,C01-1028,18,005,4.0,Swarovski PP#1028/18 Rose
U0413-001-G,M1,C01-1028-18-019,C01-1028,18,019,6.0,Swarovski PP#1028/18 Light Amethyst
U0413-001-G,M1,C01-1028-18-035,C01-1028,18,035,4.0,Swarovski PP#1028/18 Fuchsia
U0413-001-G,M1,C01-1028-24-041,C01-1028,24,041,4.0,Swarovski PP#1028/24 Vintage Rose
U0413-001-G,M1,C01-1028-26-021,C01-1028,26,021,1.0,Swarovski PP#1028/26 Ruby
U0413-001-G,M1,C01-1028-26-035,C01-1028,26,035,2.0,Swarovski PP#1028/26 Fuchsia
U0413-001-G,M1,C01-1028-32-005,C01-1028,32,005,1.0,Swarovski PP#1028/32 Rose
U0413-001-G,M1,C01-1028-32-019,C01-1028,32,019,1.0,Swarovski PP#1028/32 Light Amethyst
U0413-001-G,M1,C01-1028-32-021,C01-1028,32,021,3.0,Swarovski PP#1028/32 Ruby
U0414-001-C,M1,C01-1028-18-018,C01-1028,18,018,7.0,Swarovski PP#1028/18 Garnet
U0414-001-C,M1,C01-1028-18-023,C01-1028,18,023,9.0,Swarovski PP#1028/18 Black Diamond
U0414-001-C,M1,C01-1028-26-018,C01-1028,26,018,9.0,Swarovski PP#1028/26 Garnet
U0414-001-C,M1,C01-1028-26-023,C01-1028,26,023,1.0,Swarovski PP#1028/26 Black Diamond
U0414-001-C,M1,C01-1028-32-021,C01-1028,32,021,2.0,Swarovski PP#1028/32 Ruby
U0414-001-C,MX,C01-1028-18-001,C01-1028,18,001,11.0,Swarovski PP#1028/18 Sapphire
U0414-001-C,MX,C01-1028-18-016,C01-1028,18,016,5.0,Swarovski PP#1028/18 Aquamarine
U0414-001-C,MX,C01-1028-26-001,C01-1028,26,001,2.0,Swarovski PP#1028/26 Sapphire
U0414-001-C,MX,C01-1028-26-013,C01-1028,26,013,4.0,Swarovski PP#1028/26 BL.AB
U0414-001-C,MX,C01-1028-26-016,C01-1028,26,016,4.0,Swarovski PP#1028/26 Aquamarine
U0414-001-C,MX,C01-1028-32-013,C01-1028,32,013,2.0,Swarovski PP#1028/32  AB BL
U0414-001-G,M1,C01-1028-18-018,C01-1028,18,018,7.0,Swarovski PP#1028/18 Garnet
U0414-001-G,M1,C01-1028-18-023,C01-1028,18,023,9.0,Swarovski PP#1028/18 Black Diamond
U0414-001-G,M1,C01-1028-26-018,C01-1028,26,018,9.0,Swarovski PP#1028/26 Garnet
U0414-001-G,M1,C01-1028-26-023,C01-1028,26,023,1.0,Swarovski PP#1028/26 Black Diamond
U0414-001-G,M1,C01-1028-32-021,C01-1028,32,021,2.0,Swarovski PP#1028/32 Ruby
U0414-001-G,MX,C01-1028-18-001,C01-1028,18,001,11.0,Swarovski PP#1028/18 Sapphire
U0414-001-G,MX,C01-1028-18-016,C01-1028,18,016,5.0,Swarovski PP#1028/18 Aquamarine
U0414-001-G,MX,C01-1028-26-001,C01-1028,26,001,2.0,Swarovski PP#1028/26 Sapphire
U0414-001-G,MX,C01-1028-26-013,C01-1028,26,013,4.0,Swarovski PP#1028/26 BL.AB
U0414-001-G,MX,C01-1028-26-016,C01-1028,26,016,4.0,Swarovski PP#1028/26 Aquamarine
U0414-001-G,MX,C01-1028-32-013,C01-1028,32,013,2.0,Swarovski PP#1028/32  AB BL
U0450-231-C,M1,C01-1028-18-002,C01-1028,18,002,2.0,Swarovski PP#1028/18 Crystal
U0450-231-C,M1,C01-1028-18-005,C01-1028,18,005,1.0,Swarovski PP#1028/18 Rose
U0450-231-C,M1,C01-1028-18-009,C01-1028,18,009,2.0,Swarovski PP#1028/18 Topaz
U0450-231-C,M1,C01-1028-18-037,C01-1028,18,037,1.0,Swarovski PP#1028/18 Light Rose
U0450-231-C,M1,C01-1028-26-042,C01-1028,26,042,1.0,Swarovski PP#1028/26 Jonquil
U0450-231-C,M1,C01-1028-32-021,C01-1028,32,021,1.0,Swarovski PP#1028/32 Ruby
U0450-231-C,M1,C01-1028-32-042,C01-1028,32,042,1.0,Swarovski PP#1028/32 Jonquil
U0450-231-G,MX,C01-1028-18-002,C01-1028,18,002,2.0,Swarovski PP#1028/18 Crystal
U0450-231-G,MX,C01-1028-18-015,C01-1028,18,015,1.0,Swarovski PP#1028/18 Amethyst
U0450-231-G,MX,C01-1028-18-019,C01-1028,18,019,1.0,Swarovski PP#1028/18 Light Amethyst
U0450-231-G,MX,C01-1028-18-025,C01-1028,18,025,2.0,Swarovski PP#1028/18 Capri Blue
U0450-231-G,MX,C01-1028-26-017,C01-1028,26,017,1.0,Swarovski PP#1028/26 Blue Zircon
U0450-231-G,MX,C01-1028-32-017,C01-1028,32,017,1.0,Swarovski PP#1028/32 Blue Zircon
U0450-231-G,MX,C01-1028-32-021,C01-1028,32,021,1.0,Swarovski PP#1028/32 Ruby
U0451-231-C,M1,C01-1028-18-002,C01-1028,18,002,2.0,Swarovski PP#1028/18 Crystal
U0451-231-C,M1,C01-1028-18-017,C01-1028,18,017,1.0,Swarovski PP#1028/18 Blue Zircon
U0451-231-C,M1,C01-1028-18-020,C01-1028,18,020,2.0,Swarovski PP#1028/18 Peridot
U0451-231-C,M1,C01-1028-18-023,C01-1028,18,023,2.0,Swarovski PP#1028/18 Black Diamond
U0451-231-C,M1,C01-1028-26-009,C01-1028,26,009,1.0,Swarovski PP#1028/26 Topaz
U0451-231-C,M1,C01-1028-32-025,C01-1028,32,025,1.0,Swarovski PP#1028/32 Capri Blue
U0451-231-G,MX,C01-1028-18-002,C01-1028,18,002,2.0,Swarovski PP#1028/18 Crystal
U0451-231-G,MX,C01-1028-18-016,C01-1028,18,016,2.0,Swarovski PP#1028/18 Aquamarine
U0451-231-G,MX,C01-1028-18-017,C01-1028,18,017,1.0,Swarovski PP#1028/18 Blue Zircon
U0451-231-G,MX,C01-1028-18-023,C01-1028,18,023,2.0,Swarovski PP#1028/18 Black Diamond
U0451-231-G,MX,C01-1028-26-022,C01-1028,26,022,1.0,Swarovski PP#1028/26 Siam
U0451-231-G,MX,C01-1028-32-025,C01-1028,32,025,1.0,Swarovski PP#1028/32 Capri Blue
U0452-231-C,M1,C01-1028-18-002,C01-1028,18,002,2.0,Swarovski PP#1028/18 Crystal
U0452-231-C,M1,C01-1028-18-008,C01-1028,18,008,2.0,Swarovski PP#1028/18 Emerald
U0452-231-C,M1,C01-1028-18-015,C01-1028,18,015,2.0,Swarovski PP#1028/18 Amethyst
U0452-231-C,M1,C01-1028-18-022,C01-1028,18,022,2.0,Swarovski PP#1028/18 Siam
U0452-231-C,M1,C01-1028-26-005,C01-1028,26,005,1.0,Swarovski PP#1028/26 Rose
U0452-231-C,M1,C01-1028-32-024,C01-1028,32,024,1.0,Swarovski PP#1028/32 Light Colorado Topaz
U0452-231-G,MX,C01-1028-18-002,C01-1028,18,002,2.0,Swarovski PP#1028/18 Crystal
U0452-231-G,MX,C01-1028-18-015,C01-1028,18,015,2.0,Swarovski PP#1028/18 Amethyst
U0452-231-G,MX,C01-1028-18-017,C01-1028,18,017,2.0,Swarovski PP#1028/18 Blue Zircon
U0452-231-G,MX,C01-1028-18-025,C01-1028,18,025,2.0,Swarovski PP#1028/18 Capri Blue
U0452-231-G,MX,C01-1028-26-009,C01-1028,26,009,1.0,Swarovski PP#1028/26 Topaz
U0452-231-G,MX,C01-1028-32-024,C01-1028,32,024,1.0,Swarovski PP#1028/32 Light Colorado Topaz
U0453-231-C,M1,C01-1028-18-002,C01-1028,18,002,2.0,Swarovski PP#1028/18 Crystal
U0453-231-C,M1,C01-1028-18-015,C01-1028,18,015,1.0,Swarovski PP#1028/18 Amethyst
U0453-231-C,M1,C01-1028-18-042,C01-1028,18,042,1.0,Swarovski PP#1028/18 Jonquil
U0453-231-C,M1,C01-1028-26-015,C01-1028,26,015,1.0,Swarovski PP#1028/26 Amethyst
U0453-231-C,M1,C01-1028-26-042,C01-1028,26,042,1.0,Swarovski PP#1028/26 Jonquil
U0453-231-C,M1,C01-1028-32-008,C01-1028,32,008,1.0,Swarovski PP#1028/32 Emerald
U0453-231-C,M1,C01-1028-32-009,C01-1028,32,009,1.0,Swarovski PP#1028/32 Topaz
U0453-231-G,MX,C01-1028-18-002,C01-1028,18,002,2.0,Swarovski PP#1028/18 Crystal
U0453-231-G,MX,C01-1028-18-009,C01-1028,18,009,1.0,Swarovski PP#1028/18 Topaz
U0453-231-G,MX,C01-1028-18-042,C01-1028,18,042,1.0,Swarovski PP#1028/18 Jonquil
U0453-231-G,MX,C01-1028-26-009,C01-1028,26,009,1.0,Swarovski PP#1028/26 Topaz
U0453-231-G,MX,C01-1028-26-020,C01-1028,26,020,1.0,Swarovski PP#1028/26 Peridot
U0453-231-G,MX,C01-1028-32-008,C01-1028,32,008,1.0,Swarovski PP#1028/32 Emerald
U0453-231-G,MX,C01-1028-32-017,C01-1028,32,017,1.0,Swarovski PP#1028/32 Blue Zircon
U0454-231-C,M1,C01-1028-18-002,C01-1028,18,002,3.0,Swarovski PP#1028/18 Crystal
U0454-231-C,M1,C01-1028-18-015,C01-1028,18,015,1.0,Swarovski PP#1028/18 Amethyst
U0454-231-C,M1,C01-1028-18-042,C01-1028,18,042,1.0,Swarovski PP#1028/18 Jonquil
U0454-231-C,M1,C01-1028-26-015,C01-1028,26,015,1.0,Swarovski PP#1028/26 Amethyst
U0454-231-C,M1,C01-1028-26-024,C01-1028,26,024,1.0,Swarovski PP#1028/26 Light Colorado Topaz
U0454-231-C,M1,C01-1028-32-009,C01-1028,32,009,1.0,Swarovski PP#1028/32 Topaz
U0454-231-G,MX,C01-1028-18-002,C01-1028,18,002,2.0,Swarovski PP#1028/18 Crystal
U0454-231-G,MX,C01-1028-18-021,C01-1028,18,021,1.0,Swarovski PP#1028/18 Ruby
U0454-231-G,MX,C01-1028-18-022,C01-1028,18,022,1.0,Swarovski PP#1028/18 Siam
U0454-231-G,MX,C01-1028-18-035,C01-1028,18,035,1.0,Swarovski PP#1028/18 Fuchsia
U0454-231-G,MX,C01-1028-26-021,C01-1028,26,021,1.0,Swarovski PP#1028/26 Ruby
U0454-231-G,MX,C01-1028-26-025,C01-1028,26,025,1.0,Swarovski PP#1028/26 Capri Blue
U0454-231-G,MX,C01-1028-32-009,C01-1028,32,009,1.0,Swarovski PP#1028/32 Topaz
U0455-231-C,M1,C01-1028-18-002,C01-1028,18,002,2.0,Swarovski PP#1028/18 Crystal
U0455-231-C,M1,C01-1028-18-003,C01-1028,18,003,1.0,Swarovski PP#1028/18 Light Topaz
U0455-231-C,M1,C01-1028-18-005,C01-1028,18,005,1.0,Swarovski PP#1028/18 Rose
U0455-231-C,M1,C01-1028-18-017,C01-1028,18,017,2.0,Swarovski PP#1028/18 Blue Zircon
U0455-231-C,M1,C01-1028-18-042,C01-1028,18,042,1.0,Swarovski PP#1028/18 Jonquil
U0455-231-C,M1,C01-1028-26-005,C01-1028,26,005,1.0,Swarovski PP#1028/26 Rose
U0455-231-C,M1,C01-1028-32-001,C01-1028,32,001,1.0,Swarovski PP#1028/32 Sapphire
U0455-231-G,MX,C01-1028-18-002,C01-1028,18,002,2.0,Swarovski PP#1028/18 Crystal
U0455-231-G,MX,C01-1028-18-005,C01-1028,18,005,1.0,Swarovski PP#1028/18 Rose
U0455-231-G,MX,C01-1028-18-015,C01-1028,18,015,2.0,Swarovski PP#1028/18 Amethyst
U0455-231-G,MX,C01-1028-18-016,C01-1028,18,016,2.0,Swarovski PP#1028/18 Aquamarine
U0455-231-G,MX,C01-1028-26-005,C01-1028,26,005,1.0,Swarovski PP#1028/26 Rose
U0455-231-G,MX,C01-1028-32-001,C01-1028,32,001,1.0,Swarovski PP#1028/32 Sapphire
U0456-231-C,M1,C01-1028-18-002,C01-1028,18,002,4.0,Swarovski PP#1028/18 Crystal
U0456-231-C,M1,C01-1028-18-003,C01-1028,18,003,1.0,Swarovski PP#1028/18 Light Topaz
U0456-231-C,M1,C01-1028-18-042,C01-1028,18,042,1.0,Swarovski PP#1028/18 Jonquil
U0456-231-C,M1,C01-1028-26-009,C01-1028,26,009,1.0,Swarovski PP#1028/26 Topaz
U0456-231-C,M1,C01-1028-26-017,C01-1028,26,017,1.0,Swarovski PP#1028/26 Blue Zircon
U0456-231-C,M1,C01-1028-32-026,C01-1028,32,026,1.0,Swarovski PP#1028/32 Chrysolite
U0456-231-G,MX,C01-1028-18-002,C01-1028,18,002,4.0,Swarovski PP#1028/18 Crystal
U0456-231-G,MX,C01-1028-18-016,C01-1028,18,016,1.0,Swarovski PP#1028/18 Aquamarine
U0456-231-G,MX,C01-1028-18-025,C01-1028,18,025,1.0,Swarovski PP#1028/18 Capri Blue
U0456-231-G,MX,C01-1028-26-009,C01-1028,26,009,1.0,Swarovski PP#1028/26 Topaz
U0456-231-G,MX,C01-1028-26-017,C01-1028,26,017,1.0,Swarovski PP#1028/26 Blue Zircon
U0456-231-G,MX,C01-1028-32-026,C01-1028,32,026,1.0,Swarovski PP#1028/32 Chrysolite
U0457-231-C,M1,C01-1028-18-002,C01-1028,18,002,2.0,Swarovski PP#1028/18 Crystal
U0457-231-C,M1,C01-1028-18-008,C01-1028,18,008,2.0,Swarovski PP#1028/18 Emerald
U0457-231-C,M1,C01-1028-18-019,C01-1028,18,019,2.0,Swarovski PP#1028/18 Light Amethyst
U0457-231-C,M1,C01-1028-26-015,C01-1028,26,015,1.0,Swarovski PP#1028/26 Amethyst
U0457-231-C,M1,C01-1028-32-015,C01-1028,32,015,1.0,Swarovski PP#1028/32 Amethyst
U0457-231-C,M1,C01-1028-32-018,C01-1028,32,018,1.0,Swarovski PP#1028/32 Garnet
U0457-231-G,MX,C01-1028-18-002,C01-1028,18,002,2.0,Swarovski PP#1028/18 Crystal
U0457-231-G,MX,C01-1028-18-022,C01-1028,18,022,2.0,Swarovski PP#1028/18 Siam
U0457-231-G,MX,C01-1028-18-024,C01-1028,18,024,2.0,Swarovski PP#1028/18 Light Colorado Topaz
U0457-231-G,MX,C01-1028-26-009,C01-1028,26,009,1.0,Swarovski PP#1028/26 Topaz
U0457-231-G,MX,C01-1028-32-009,C01-1028,32,009,1.0,Swarovski PP#1028/32 Topaz
U0457-231-G,MX,C01-1028-32-018,C01-1028,32,018,1.0,Swarovski PP#1028/32 Garnet
U0458-231-C,M1,C01-1028-18-002,C01-1028,18,002,2.0,Swarovski PP#1028/18 Crystal
U0458-231-C,M1,C01-1028-18-019,C01-1028,18,019,2.0,Swarovski PP#1028/18 Light Amethyst
U0458-231-C,M1,C01-1028-18-020,C01-1028,18,020,2.0,Swarovski PP#1028/18 Peridot
U0458-231-C,M1,C01-1028-18-042,C01-1028,18,042,2.0,Swarovski PP#1028/18 Jonquil
U0458-231-C,M1,C01-1028-26-009,C01-1028,26,009,1.0,Swarovski PP#1028/26 Topaz
U0458-231-C,M1,C01-1028-32-017,C01-1028,32,017,1.0,Swarovski PP#1028/32 Blue Zircon
U0459-231-C,M1,C01-1028-18-002,C01-1028,18,002,3.0,Swarovski PP#1028/18 Crystal
U0459-231-C,M1,C01-1028-18-016,C01-1028,18,016,1.0,Swarovski PP#1028/18 Aquamarine
U0459-231-C,M1,C01-1028-26-017,C01-1028,26,017,1.0,Swarovski PP#1028/26 Blue Zircon
U0459-231-C,M1,C01-1028-26-025,C01-1028,26,025,1.0,Swarovski PP#1028/26 Capri Blue
U0459-231-C,M1,C01-1028-32-009,C01-1028,32,009,1.0,Swarovski PP#1028/32 Topaz
U0459-231-C,M1,C01-1028-32-014,C01-1028,32,014,1.0,Swarovski PP#1028/32 Jet
U0460-231-C,M1,C01-1028-18-002,C01-1028,18,002,2.0,Swarovski PP#1028/18 Crystal
U0460-231-C,M1,C01-1028-18-005,C01-1028,18,005,1.0,Swarovski PP#1028/18 Rose
U0460-231-C,M1,C01-1028-18-015,C01-1028,18,015,1.0,Swarovski PP#1028/18 Amethyst
U0460-231-C,M1,C01-1028-18-024,C01-1028,18,024,1.0,Swarovski PP#1028/18 Light Colorado Topaz
U0460-231-C,M1,C01-1028-18-035,C01-1028,18,035,1.0,Swarovski PP#1028/18 Fuchsia
U0460-231-C,M1,C01-1028-18-037,C01-1028,18,037,1.0,Swarovski PP#1028/18 Light Rose
U0460-231-C,M1,C01-1028-18-044,C01-1028,18,044,1.0,Swarovski PP#1028/18 Light Peach
U0460-231-C,M1,C01-1028-26-020,C01-1028,26,020,1.0,Swarovski PP#1028/26 Peridot
U0460-231-C,M1,C01-1028-32-016,C01-1028,32,016,1.0,Swarovski PP#1028/32 Aquamarine
U0461-231-C,M1,C01-1028-18-002,C01-1028,18,002,3.0,Swarovski PP#1028/18 Crystal
U0461-231-C,M1,C01-1028-18-005,C01-1028,18,005,1.0,Swarovski PP#1028/18 Rose
U0461-231-C,M1,C01-1028-18-017,C01-1028,18,017,1.0,Swarovski PP#1028/18 Blue Zircon
U0461-231-C,M1,C01-1028-18-035,C01-1028,18,035,1.0,Swarovski PP#1028/18 Fuchsia
U0461-231-C,M1,C01-1028-18-037,C01-1028,18,037,1.0,Swarovski PP#1028/18 Light Rose
U0461-231-C,M1,C01-1028-26-025,C01-1028,26,025,1.0,Swarovski PP#1028/26 Capri Blue
U0461-231-C,M1,C01-1028-32-015,C01-1028,32,015,1.0,Swarovski PP#1028/32 Amethyst
U0461-231-G,MX,C01-1028-18-002,C01-1028,18,002,3.0,Swarovski PP#1028/18 Crystal
U0461-231-G,MX,C01-1028-18-009,C01-1028,18,009,1.0,Swarovski PP#1028/18 Topaz
U0461-231-G,MX,C01-1028-18-016,C01-1028,18,016,1.0,Swarovski PP#1028/18 Aquamarine
U0461-231-G,MX,C01-1028-18-017,C01-1028,18,017,1.0,Swarovski PP#1028/18 Blue Zircon
U0461-231-G,MX,C01-1028-18-025,C01-1028,18,025,1.0,Swarovski PP#1028/18 Capri Blue
U0461-231-G,MX,C01-1028-26-020,C01-1028,26,020,1.0,Swarovski PP#1028/26 Peridot
U0461-231-G,MX,C01-1028-32-015,C01-1028,32,015,1.0,Swarovski PP#1028/32 Amethyst
