base_code,mix_code,design,format,source,design_name
D0001-001-G,M1,0001,001,UNDEFINED,Swallowtail Butterfly
D0001-001-G,M3,0001,001,UNDEFINED,Swallowtail Butterfly
D0001-001-G,MX,0001,001,UNDEFINED,Swallowtail Butterfly
D0003-001-C,AX,0003,001,UNDEFINED,Mini Angeliwing Butterfly Freestand
D0003-001-C,GX,0003,001,UNDEFINED,Mini Angeliwing Butterfly Freestand
D0003-001-C,M1,0003,001,other plating,Mini Angeliwing Butterfly Freestand
D0003-001-C,M2,0003,001,other plating,Mini Angeliwing Butterfly Freestand
D0003-001-C,M3,0003,001,UNDEFINED,Mini Angeliwing Butterfly Freestand
D0003-001-C,MX,0003,001,other plating,Mini Angeliwing Butterfly Freestand
D0003-001-G,AX,0003,001,UNDEFINED,Mini Angeliwing Butterfly Freestand
D0003-001-G,GX,0003,001,UNDEFINED,Mini Angeliwing Butterfly Freestand
D0003-001-G,M3,0003,001,UNDEFINED,Mini Angeliwing Butterfly Freestand
D0003-001-G,M4,0003,001,other plating,Mini Angeliwing Butterfly Freestand
D0006-001-C,GX,0006,001,UNDEFINED,Mini Hummingbird Freestand
D0006-001-C,M1,0006,001,UNDEFINED,Mini Hummingbird Freestand
D0006-001-C,M2,0006,001,UNDEFINED,Mini Hummingbird Freestand
D0006-001-G,AX,0006,001,other plating,Mini Hummingbird Freestand
D0006-001-G,GX,0006,001,UNDEFINED,Mini Hummingbird Freestand
D0006-001-G,M1,0006,001,UNDEFINED,Mini Hummingbird Freestand
D0006-001-G,M2,0006,001,UNDEFINED,Mini Hummingbird Freestand
D0006-001-G,MX,0006,001,other plating,Mini Hummingbird Freestand
D0006-230-C,AX,0006,230,other format,Mini Hummingbird with Crystal Bible
D0006-230-C,GX,0006,230,UNDEFINED,Mini Hummingbird with Crystal Bible
D0006-230-C,M1,0006,230,UNDEFINED,Mini Hummingbird with Crystal Bible
D0006-230-C,M2,0006,230,UNDEFINED,Mini Hummingbird with Crystal Bible
D0006-230-C,MX,0006,230,other format,Mini Hummingbird with Crystal Bible
D0006-230-G,AX,0006,230,other format,Mini Hummingbird with Crystal Bible
D0006-230-G,GX,0006,230,UNDEFINED,Mini Hummingbird with Crystal Bible
D0006-230-G,M1,0006,230,UNDEFINED,Mini Hummingbird with Crystal Bible
D0006-230-G,M2,0006,230,UNDEFINED,Mini Hummingbird with Crystal Bible
D0006-230-G,MX,0006,230,other format,Mini Hummingbird with Crystal Bible
D0006-236-C,AX,0006,236,other format,Mini Hummingbird Music Box (Wood Body)
D0006-236-C,GX,0006,236,UNDEFINED,Mini Hummingbird Music Box (Wood Body)
D0006-236-C,M1,0006,236,UNDEFINED,Mini Hummingbird Music Box (Wood Body)
D0006-236-C,M2,0006,236,UNDEFINED,Mini Hummingbird Music Box (Wood Body)
D0006-236-C,MX,0006,236,other format,Mini Hummingbird Music Box (Wood Body)
D0006-236-G,AX,0006,236,other format,Mini Hummingbird Music Box (Wood Body)
D0006-236-G,GX,0006,236,UNDEFINED,Mini Hummingbird Music Box (Wood Body)
D0006-236-G,M1,0006,236,UNDEFINED,Mini Hummingbird Music Box (Wood Body)
D0006-236-G,M2,0006,236,UNDEFINED,Mini Hummingbird Music Box (Wood Body)
D0006-236-G,MX,0006,236,other format,Mini Hummingbird Music Box (Wood Body)
D0007-001-G,AX,0007,001,other plating,Mini fantail Hummingbird
D0008-001-C,MX,0008,001,UNDEFINED,Dove
D0010-001-C,MX,0010,001,UNDEFINED,Sacred Angel(Hymn Book)
D0010-001-G,MX,0010,001,UNDEFINED,Sacred Angel(Hymn Book)
D0011-001-C,MX,0011,001,other plating,Sacred Angel(Lyre)
D0014-001-C,AX,0014,001,UNDEFINED,Guardian Angel Freestand
D0014-001-G,GX,0014,001,UNDEFINED,Guardian Angel Freestand
D0018-001-G,MX,0018,001,UNDEFINED,Flying Angel(Trumpet)
D0020-001-G,MX,0020,001,other plating,Flying Angel(Dove)
D0022-001-C,AX,0022,001,UNDEFINED,Mini Sacred Angel(Cross)
D0022-001-C,GX,0022,001,UNDEFINED,Mini Sacred Angel(Cross)
D0022-001-C,M1,0022,001,UNDEFINED,Mini Sacred Angel(Cross)
D0022-001-C,M2,0022,001,UNDEFINED,Mini Sacred Angel(Cross)
D0022-001-C,M3,0022,001,UNDEFINED,Mini Sacred Angel(Cross)
D0022-001-C,MX,0022,001,UNDEFINED,Mini Sacred Angel(Cross)
D0022-001-G,AX,0022,001,UNDEFINED,Mini Sacred Angel(Cross)
D0022-001-G,GX,0022,001,UNDEFINED,Mini Sacred Angel(Cross)
D0022-001-G,M1,0022,001,UNDEFINED,Mini Sacred Angel(Cross)
D0022-001-G,M2,0022,001,UNDEFINED,Mini Sacred Angel(Cross)
D0022-001-G,M3,0022,001,UNDEFINED,Mini Sacred Angel(Cross)
D0022-001-G,MX,0022,001,UNDEFINED,Mini Sacred Angel(Cross)
D0023-001-C,M1,0023,001,UNDEFINED,Mini Sacred Angel Freestand
D0023-001-C,M3,0023,001,other format,Mini Sacred Angel Freestand
D0023-001-C,MX,0023,001,other plating,Mini Sacred Angel Freestand
D0023-001-G,M1,0023,001,UNDEFINED,Mini Sacred Angel Freestand
D0023-230-C,AX,0023,230,other format,Mini Sacred Angel with Crystal Bible
D0023-230-C,GX,0023,230,other format,Mini Sacred Angel with Crystal Bible
D0023-230-C,M1,0023,230,UNDEFINED,Mini Sacred Angel with Crystal Bible
D0023-230-C,M2,0023,230,other format,Mini Sacred Angel with Crystal Bible
D0023-230-G,AX,0023,230,other format,Mini Sacred Angel with Crystal Bible
D0023-230-G,GX,0023,230,other format,Mini Sacred Angel with Crystal Bible
D0023-230-G,M1,0023,230,UNDEFINED,Mini Sacred Angel with Crystal Bible
D0023-230-G,M2,0023,230,other format,Mini Sacred Angel with Crystal Bible
D0023-230-G,M3,0023,230,other plating,Mini Sacred Angel with Crystal Bible
D0023-230-G,MX,0023,230,other plating,Mini Sacred Angel with Crystal Bible
D0023-236-C,AX,0023,236,other format,Mini Sacred Angel Music Box (Wood Body)
D0023-236-C,GX,0023,236,other format,Mini Sacred Angel Music Box (Wood Body)
D0023-236-C,M1,0023,236,UNDEFINED,Mini Sacred Angel Music Box (Wood Body)
D0023-236-C,M2,0023,236,other format,Mini Sacred Angel Music Box (Wood Body)
D0023-236-C,MX,0023,236,other format,Mini Sacred Angel Music Box (Wood Body)
D0023-236-G,AX,0023,236,other format,Mini Sacred Angel Music Box (Wood Body)
D0023-236-G,GX,0023,236,other format,Mini Sacred Angel Music Box (Wood Body)
D0023-236-G,M1,0023,236,UNDEFINED,Mini Sacred Angel Music Box (Wood Body)
D0023-236-G,M2,0023,236,other format,Mini Sacred Angel Music Box (Wood Body)
D0023-236-G,M3,0023,236,other plating,Mini Sacred Angel Music Box (Wood Body)
D0023-236-G,MX,0023,236,other format,Mini Sacred Angel Music Box (Wood Body)
D0024-001-C,AX,0024,001,UNDEFINED,Mini Sacred Angel(Dove)
D0024-001-C,GX,0024,001,UNDEFINED,Mini Sacred Angel(Dove)
D0024-001-C,M1,0024,001,UNDEFINED,Mini Sacred Angel(Dove)
D0024-001-C,M2,0024,001,UNDEFINED,Mini Sacred Angel(Dove)
D0024-001-C,M3,0024,001,UNDEFINED,Mini Sacred Angel(Dove)
D0024-001-C,MX,0024,001,UNDEFINED,Mini Sacred Angel(Dove)
D0025-001-G,GX,0025,001,UNDEFINED,Mini Sacred Angel(Star)
D0026-001-C,M2,0026,001,UNDEFINED,Swan Freestand
D0026-001-C,MX,0026,001,UNDEFINED,Swan Freestand
D0026-001-G,GX,0026,001,UNDEFINED,Swan Freestand
D0026-001-G,M1,0026,001,UNDEFINED,Swan Freestand
D0026-001-G,M2,0026,001,UNDEFINED,Swan Freestand
D0026-001-G,MX,0026,001,UNDEFINED,Swan Freestand
D0026-236-C,AX,0026,236,other format,Swan Music Box (Wood Body)
D0026-236-C,GX,0026,236,UNDEFINED,Swan Music Box (Wood Body)
D0026-236-C,M1,0026,236,UNDEFINED,Swan Music Box (Wood Body)
D0026-236-C,M2,0026,236,UNDEFINED,Swan Music Box (Wood Body)
D0026-236-C,MX,0026,236,UNDEFINED,Swan Music Box (Wood Body)
D0026-236-G,AX,0026,236,other format,Swan Music Box (Wood Body)
D0026-236-G,GX,0026,236,UNDEFINED,Swan Music Box (Wood Body)
D0026-236-G,M1,0026,236,UNDEFINED,Swan Music Box (Wood Body)
D0026-236-G,M2,0026,236,UNDEFINED,Swan Music Box (Wood Body)
D0026-236-G,MX,0026,236,UNDEFINED,Swan Music Box (Wood Body)
D0028-230-C,M1,0028,230,other format,Eagle with Crystal Bible
D0028-230-G,M1,0028,230,other format,Eagle with Crystal Bible
D0028-230-G,MX,0028,230,other plating,Eagle with Crystal Bible
D0029-001-C,MX,0029,001,other plating,Cross Freestand
D0031-001-C,AX,0031,001,UNDEFINED,Dolphin Freestand
D0031-001-C,M1,0031,001,UNDEFINED,Dolphin Freestand
D0031-001-C,MX,0031,001,UNDEFINED,Dolphin Freestand
D0031-001-G,GX,0031,001,UNDEFINED,Dolphin Freestand
D0031-001-G,M1,0031,001,UNDEFINED,Dolphin Freestand
D0031-001-G,M2,0031,001,other plating,Dolphin Freestand
D0031-001-G,MX,0031,001,UNDEFINED,Dolphin Freestand
D0035-001-C,M1,0035,001,UNDEFINED,Turtle
D0035-001-C,M2,0035,001,UNDEFINED,Turtle
D0035-001-C,M3,0035,001,UNDEFINED,Turtle
D0035-001-C,MX,0035,001,UNDEFINED,Turtle
D0037-001-C,M2,0037,001,UNDEFINED,Twin Heart Freestand
D0037-001-C,MX,0037,001,UNDEFINED,Twin Heart Freestand
D0037-001-G,M2,0037,001,UNDEFINED,Twin Heart Freestand
D0037-001-G,MX,0037,001,UNDEFINED,Twin Heart Freestand
D0037-230-C,M1,0037,230,other format,Twin Hearts with Crystal Bible
D0037-230-C,M2,0037,230,UNDEFINED,Twin Hearts with Crystal Bible
D0037-230-C,MX,0037,230,UNDEFINED,Twin Hearts with Crystal Bible
D0037-230-G,M1,0037,230,other format,Twin Hearts with Crystal Bible
D0037-230-G,M2,0037,230,UNDEFINED,Twin Hearts with Crystal Bible
D0037-230-G,MX,0037,230,UNDEFINED,Twin Hearts with Crystal Bible
D0037-232-G,M1,0037,232,other format,Twin Hearts - Zinc alloy Mini Oval Base with Round Plaque
D0037-232-G,M2,0037,232,UNDEFINED,Twin Hearts - Zinc alloy Mini Oval Base with Round Plaque
D0037-232-G,MX,0037,232,UNDEFINED,Twin Hearts - Zinc alloy Mini Oval Base with Round Plaque
D0040-001-G,M1,0040,001,UNDEFINED,Twin Hearts(Love)
D0040-001-G,M2,0040,001,UNDEFINED,Twin Hearts(Love)
D0040-001-G,MX,0040,001,UNDEFINED,Twin Hearts(Love)
D0040-001-R,M1,0040,001,UNDEFINED,Twin Hearts(Love)
D0040-001-R,M2,0040,001,UNDEFINED,Twin Hearts(Love)
D0040-001-R,MX,0040,001,UNDEFINED,Twin Hearts(Love)
D0040-232-G,M1,0040,232,UNDEFINED,Twin Hearts(Love) - Zinc alloy Mini Oval Base with Round Plaque
D0040-232-G,M2,0040,232,UNDEFINED,Twin Hearts(Love) - Zinc alloy Mini Oval Base with Round Plaque
D0040-232-G,MX,0040,232,UNDEFINED,Twin Hearts(Love) - Zinc alloy Mini Oval Base with Round Plaque
D0045-001-C,M1,0045,001,UNDEFINED,Cat(Ball)
D0045-001-G,M1,0045,001,UNDEFINED,Cat(Ball)
D0046-001-C,A1,0046,001,UNDEFINED,Lighthouse
D0046-001-G,A1,0046,001,UNDEFINED,Lighthouse
D0046-001-G,AX,0046,001,other plating,Lighthouse
D0046-001-G,MX,0046,001,other plating,Lighthouse
D0058-001-C,A2,0058,001,UNDEFINED,Snowflake
D0058-001-C,G1,0058,001,UNDEFINED,Snowflake
D0058-001-C,GX,0058,001,UNDEFINED,Snowflake
D0058-001-C,M1,0058,001,UNDEFINED,Snowflake
D0058-001-C,MX,0058,001,UNDEFINED,Snowflake
D0058-001-G,A1,0058,001,other plating,Snowflake
D0058-001-G,A2,0058,001,UNDEFINED,Snowflake
D0058-001-G,AX,0058,001,other plating,Snowflake
D0058-001-G,G1,0058,001,UNDEFINED,Snowflake
D0058-001-G,GX,0058,001,UNDEFINED,Snowflake
D0058-001-G,M1,0058,001,UNDEFINED,Snowflake
D0058-001-G,MX,0058,001,UNDEFINED,Snowflake
D0062-001-G,GX,0062,001,UNDEFINED,Mini Globe Freestand
D0062-001-G,M1,0062,001,UNDEFINED,Mini Globe Freestand
D0062-236-C,A1,0062,236,UNDEFINED,Mini Globe Music Box (Wood Body)
D0062-236-C,AX,0062,236,UNDEFINED,Mini Globe Music Box (Wood Body)
D0062-236-C,GX,0062,236,UNDEFINED,Mini Globe Music Box (Wood Body)
D0062-236-C,M1,0062,236,UNDEFINED,Mini Globe Music Box (Wood Body)
D0062-236-C,M2,0062,236,other format,Mini Globe Music Box (Wood Body)
D0062-236-C,MX,0062,236,other format,Mini Globe Music Box (Wood Body)
D0062-236-G,A1,0062,236,UNDEFINED,Mini Globe Music Box (Wood Body)
D0062-236-G,AX,0062,236,UNDEFINED,Mini Globe Music Box (Wood Body)
D0062-236-G,GX,0062,236,UNDEFINED,Mini Globe Music Box (Wood Body)
D0062-236-G,M1,0062,236,UNDEFINED,Mini Globe Music Box (Wood Body)
D0062-236-G,M2,0062,236,other format,Mini Globe Music Box (Wood Body)
D0062-236-G,MX,0062,236,other format,Mini Globe Music Box (Wood Body)
D0070-001-C,M1,0070,001,UNDEFINED,Crystal Egg
D0070-001-C,M2,0070,001,UNDEFINED,Crystal Egg
D0070-001-C,MX,0070,001,UNDEFINED,Crystal Egg
D0092-001-C,M1,0092,001,other plating,Fan-Out Peacock
D0092-001-C,M2,0092,001,UNDEFINED,Fan-Out Peacock
D0092-001-C,M3,0092,001,UNDEFINED,Fan-Out Peacock
D0092-001-C,MX,0092,001,other plating,Fan-Out Peacock
D0092-001-G,GX,0092,001,UNDEFINED,Fan-Out Peacock
D0092-001-G,M2,0092,001,UNDEFINED,Fan-Out Peacock
D0092-001-G,M3,0092,001,UNDEFINED,Fan-Out Peacock
D0109-001-C,M1,0109,001,UNDEFINED,B-fly Fairy(Dancing)
D0109-001-C,M2,0109,001,UNDEFINED,B-fly Fairy(Dancing)
D0109-001-C,M3,0109,001,UNDEFINED,B-fly Fairy(Dancing)
D0109-001-C,MX,0109,001,UNDEFINED,B-fly Fairy(Dancing)
D0109-001-G,M1,0109,001,UNDEFINED,B-fly Fairy(Dancing)
D0109-001-G,M2,0109,001,UNDEFINED,B-fly Fairy(Dancing)
D0109-001-G,M3,0109,001,UNDEFINED,B-fly Fairy(Dancing)
D0109-001-G,MX,0109,001,UNDEFINED,B-fly Fairy(Dancing)
D0110-001-C,M2,0110,001,UNDEFINED,B-fly Fairy(Heart)
D0110-001-C,M3,0110,001,UNDEFINED,B-fly Fairy(Heart)
D0110-001-C,MX,0110,001,UNDEFINED,B-fly Fairy(Heart)
D0110-001-G,M1,0110,001,other plating,B-fly Fairy(Heart)
D0110-001-G,M2,0110,001,UNDEFINED,B-fly Fairy(Heart)
D0110-001-G,M3,0110,001,UNDEFINED,B-fly Fairy(Heart)
D0110-001-G,MX,0110,001,UNDEFINED,B-fly Fairy(Heart)
D0111-001-C,M1,0111,001,UNDEFINED,B-fly Fairy(Ribbon)
D0111-001-C,M2,0111,001,UNDEFINED,B-fly Fairy(Ribbon)
D0111-001-C,M3,0111,001,UNDEFINED,B-fly Fairy(Ribbon)
D0111-001-C,MX,0111,001,UNDEFINED,B-fly Fairy(Ribbon)
D0111-001-G,M1,0111,001,UNDEFINED,B-fly Fairy(Ribbon)
D0111-001-G,M2,0111,001,UNDEFINED,B-fly Fairy(Ribbon)
D0111-001-G,M3,0111,001,UNDEFINED,B-fly Fairy(Ribbon)
D0111-001-G,MX,0111,001,UNDEFINED,B-fly Fairy(Ribbon)
D0112-001-C,M1,0112,001,UNDEFINED,B-fly Fairy(Star)
D0112-001-C,M2,0112,001,UNDEFINED,B-fly Fairy(Star)
D0112-001-C,M3,0112,001,UNDEFINED,B-fly Fairy(Star)
D0121-001-C,MX,0121,001,other plating,Tennis Racquet
D0135-001-C,A1,0135,001,UNDEFINED,Angelfish
D0135-001-C,M1,0135,001,UNDEFINED,Angelfish
D0135-001-C,M3,0135,001,UNDEFINED,Angelfish
D0135-001-C,MX,0135,001,other plating,Angelfish
D0135-001-G,M1,0135,001,UNDEFINED,Angelfish
D0135-001-G,M3,0135,001,UNDEFINED,Angelfish
D0139-001-C,M1,0139,001,UNDEFINED,Schnauzer Dog
D0139-001-G,M1,0139,001,UNDEFINED,Schnauzer Dog
D0139-001-G,MX,0139,001,other plating,Schnauzer Dog
D0173-001-C,M2,0173,001,UNDEFINED,Heart & Rose
D0173-001-G,M2,0173,001,UNDEFINED,Heart & Rose
D0173-001-G,MX,0173,001,other plating,Heart & Rose
D0174-001-C,M2,0174,001,UNDEFINED,Heart & Sunflower
D0174-001-C,MX,0174,001,UNDEFINED,Heart & Sunflower
D0209-001-C,M2,0209,001,other plating,Sea Turtle Freestand
D0209-001-G,M3,0209,001,other plating,Sea Turtle Freestand
D0215-001-G,MX,0215,001,other plating,Five Tulips in Crystal Vase Freestand
D0221-001-C,M3,0221,001,UNDEFINED,Tiger Butterfly
D0221-001-G,M2,0221,001,other plating,Tiger Butterfly
D0221-001-G,M3,0221,001,UNDEFINED,Tiger Butterfly
D0221-001-G,MX,0221,001,other plating,Tiger Butterfly
D0240-224-C,M1,0240,224,other plating,Crystal Sunflower Freestand  with Crystal Base
D0240-224-C,M2,0240,224,UNDEFINED,Crystal Sunflower Freestand  with Crystal Base
D0240-224-C,M5,0240,224,UNDEFINED,Crystal Sunflower Freestand  with Crystal Base
D0240-224-C,MX,0240,224,UNDEFINED,Crystal Sunflower Freestand  with Crystal Base
D0240-224-G,M2,0240,224,UNDEFINED,Crystal Sunflower Freestand  with Crystal Base
D0240-224-G,M4,0240,224,other plating,Crystal Sunflower Freestand  with Crystal Base
D0240-224-G,M5,0240,224,UNDEFINED,Crystal Sunflower Freestand  with Crystal Base
D0240-224-G,MX,0240,224,UNDEFINED,Crystal Sunflower Freestand  with Crystal Base
D0246-001-C,M1,0246,001,UNDEFINED,Graceful Angel(Heart)
D0246-001-C,M3,0246,001,UNDEFINED,Graceful Angel(Heart)
D0246-001-C,MX,0246,001,other plating,Graceful Angel(Heart)
D0246-001-G,M1,0246,001,UNDEFINED,Graceful Angel(Heart)
D0246-001-G,M2,0246,001,other plating,Graceful Angel(Heart)
D0246-001-G,M3,0246,001,UNDEFINED,Graceful Angel(Heart)
D0246-001-G,M4,0246,001,other plating,Graceful Angel(Heart)
D0256-001-G,M1,0256,001,UNDEFINED,Vintage Piano Freestand
D0256-001-G,M2,0256,001,UNDEFINED,Vintage Piano Freestand
D0279-001-G,MX,0279,001,UNDEFINED,Guitar A
D0327-001-C,AX,0327,001,other format,Ballerina Freestand
D0327-001-C,GX,0327,001,UNDEFINED,Ballerina Freestand
D0327-001-G,AX,0327,001,other format,Ballerina Freestand
D0327-001-G,GX,0327,001,UNDEFINED,Ballerina Freestand
D0327-001-G,M1,0327,001,other plating,Ballerina Freestand
D0327-001-G,M2,0327,001,other plating,Ballerina Freestand
D0327-236-C,GX,0327,236,UNDEFINED,Ballerina Music Box (Wood Body)
D0327-236-C,M1,0327,236,other format,Ballerina Music Box (Wood Body)
D0327-236-C,M2,0327,236,other format,Ballerina Music Box (Wood Body)
D0327-236-C,MX,0327,236,other plating,Ballerina Music Box (Wood Body)
D0327-236-G,AX,0327,236,other plating,Ballerina Music Box (Wood Body)
D0327-236-G,GX,0327,236,UNDEFINED,Ballerina Music Box (Wood Body)
D0327-236-G,M1,0327,236,other format,Ballerina Music Box (Wood Body)
D0327-236-G,M2,0327,236,other format,Ballerina Music Box (Wood Body)
D0328-001-C,AX,0328,001,UNDEFINED,Classic Angel
D0328-001-C,GX,0328,001,UNDEFINED,Classic Angel
D0328-001-C,M1,0328,001,UNDEFINED,Classic Angel
D0328-001-C,M2,0328,001,UNDEFINED,Classic Angel
D0328-001-C,M4,0328,001,UNDEFINED,Classic Angel
D0328-001-C,M5,0328,001,UNDEFINED,Classic Angel
D0328-001-C,M6,0328,001,UNDEFINED,Classic Angel
D0328-001-C,M7,0328,001,UNDEFINED,Classic Angel
D0328-001-C,M8,0328,001,UNDEFINED,Classic Angel
D0328-001-C,MX,0328,001,UNDEFINED,Classic Angel
D0328-001-G,AX,0328,001,UNDEFINED,Classic Angel
D0328-001-G,GX,0328,001,UNDEFINED,Classic Angel
D0328-001-G,M1,0328,001,UNDEFINED,Classic Angel
D0328-001-G,M2,0328,001,UNDEFINED,Classic Angel
D0328-001-G,M4,0328,001,UNDEFINED,Classic Angel
D0328-001-G,M5,0328,001,UNDEFINED,Classic Angel
D0328-001-G,M6,0328,001,UNDEFINED,Classic Angel
D0328-001-G,M7,0328,001,UNDEFINED,Classic Angel
D0328-001-G,M8,0328,001,UNDEFINED,Classic Angel
D0328-001-G,MX,0328,001,UNDEFINED,Classic Angel
D0353-159-G,AX,0353,159,UNDEFINED,Rose S-Shape Freestand
D0353-159-G,G2,0353,159,UNDEFINED,Rose S-Shape Freestand
D0353-159-G,GX,0353,159,UNDEFINED,Rose S-Shape Freestand
D0354-159-G,AX,0354,159,UNDEFINED,Rose Bud S-Shape Stand
D0354-159-G,G2,0354,159,UNDEFINED,Rose Bud S-Shape Stand
D0354-159-G,GX,0354,159,UNDEFINED,Rose Bud S-Shape Stand
D0357-238-C,AX,0357,238,UNDEFINED,Three Roses in Crystal Vase
D0366-164-C,G1,0366,164,UNDEFINED,
D0366-164-C,G2,0366,164,UNDEFINED,
D0366-164-C,G3,0366,164,UNDEFINED,
D0366-164-C,GX,0366,164,UNDEFINED,
D0366-164-C,M1,0366,164,UNDEFINED,
D0366-164-C,M2,0366,164,UNDEFINED,
D0366-164-C,M3,0366,164,UNDEFINED,
D0366-164-C,M4,0366,164,UNDEFINED,
D0366-164-C,M5,0366,164,UNDEFINED,
D0366-164-C,MX,0366,164,UNDEFINED,
D0368-164-C,A1,0368,164,UNDEFINED,
D0368-164-C,AX,0368,164,UNDEFINED,
D0368-164-C,GX,0368,164,UNDEFINED,
D0368-164-C,M1,0368,164,UNDEFINED,
D0368-164-C,M2,0368,164,UNDEFINED,
D0368-164-C,M3,0368,164,UNDEFINED,
D0368-164-C,M4,0368,164,UNDEFINED,
D0368-164-C,M5,0368,164,UNDEFINED,
D0368-164-C,MX,0368,164,UNDEFINED,
M0014-001-C,MX,0014,001,UNDEFINED,Guardian Angel Freestand
M0014-001-G,MX,0014,001,UNDEFINED,Guardian Angel Freestand
M0014-230-C,AX,0014,230,UNDEFINED,Guardian Angel with Crystal Bible
M0014-230-C,GX,0014,230,other plating,Guardian Angel with Crystal Bible
M0014-230-C,M1,0014,230,UNDEFINED,Guardian Angel with Crystal Bible
M0014-230-C,MX,0014,230,UNDEFINED,Guardian Angel with Crystal Bible
M0014-230-G,AX,0014,230,UNDEFINED,Guardian Angel with Crystal Bible
M0014-230-G,M1,0014,230,UNDEFINED,Guardian Angel with Crystal Bible
M0014-230-G,MX,0014,230,UNDEFINED,Guardian Angel with Crystal Bible
M0014-236-C,AX,0014,236,UNDEFINED,Guardian Angel Music Box (Wood Body)
M0014-236-C,GX,0014,236,other format,Guardian Angel Music Box (Wood Body)
M0014-236-C,M1,0014,236,UNDEFINED,Guardian Angel Music Box (Wood Body)
M0014-236-C,MX,0014,236,UNDEFINED,Guardian Angel Music Box (Wood Body)
M0014-236-G,AX,0014,236,UNDEFINED,Guardian Angel Music Box (Wood Body)
M0014-236-G,GX,0014,236,other format,Guardian Angel Music Box (Wood Body)
M0014-236-G,M1,0014,236,UNDEFINED,Guardian Angel Music Box (Wood Body)
M0014-236-G,MX,0014,236,UNDEFINED,Guardian Angel Music Box (Wood Body)
M0015-001-C,AX,0015,001,UNDEFINED,Guardian Angel(Heart)
M0017-001-G,AX,0017,001,other plating,Guardian Angel(Star)
M0085-001-C,M1,0085,001,UNDEFINED,Flower Fairy(Rose)
M0085-001-C,M2,0085,001,UNDEFINED,Flower Fairy(Rose)
M0085-001-C,M3,0085,001,UNDEFINED,Flower Fairy(Rose)
M0085-001-C,M4,0085,001,UNDEFINED,Flower Fairy(Rose)
M0085-001-C,MX,0085,001,UNDEFINED,Flower Fairy(Rose)
M0085-001-G,M1,0085,001,UNDEFINED,Flower Fairy(Rose)
M0085-001-G,M2,0085,001,UNDEFINED,Flower Fairy(Rose)
M0085-001-G,M3,0085,001,UNDEFINED,Flower Fairy(Rose)
M0085-001-G,M4,0085,001,UNDEFINED,Flower Fairy(Rose)
M0085-001-G,MX,0085,001,UNDEFINED,Flower Fairy(Rose)
M0086-001-C,M1,0086,001,UNDEFINED,Flower Fairy(Heart)
M0086-001-C,M2,0086,001,UNDEFINED,Flower Fairy(Heart)
M0086-001-C,M3,0086,001,UNDEFINED,Flower Fairy(Heart)
M0086-001-C,M4,0086,001,UNDEFINED,Flower Fairy(Heart)
M0086-001-C,MX,0086,001,UNDEFINED,Flower Fairy(Heart)
M0086-001-G,M1,0086,001,UNDEFINED,Flower Fairy(Heart)
M0086-001-G,M2,0086,001,UNDEFINED,Flower Fairy(Heart)
M0086-001-G,M3,0086,001,UNDEFINED,Flower Fairy(Heart)
M0086-001-G,M4,0086,001,UNDEFINED,Flower Fairy(Heart)
M0086-001-G,MX,0086,001,UNDEFINED,Flower Fairy(Heart)
M0122-001-C,M1,0122,001,UNDEFINED,Penguin
U0393-175-C,MX,0393,175,UNDEFINED,Cute Pocket - Crown - Letter Opener
U0399-163-G,M1,0399,163,UNDEFINED,Cute Pocket Chinese Zodiac - Dragon - Metal Bookmark
U0399-163-G,M2,0399,163,UNDEFINED,Cute Pocket Chinese Zodiac - Dragon - Metal Bookmark
U0399-163-G,MX,0399,163,UNDEFINED,Cute Pocket Chinese Zodiac - Dragon - Metal Bookmark
U0401-163-C,M1,0401,163,UNDEFINED,Cute Pocket Chinese Zodiac - Horse - Metal Bookmark
U0401-163-C,M2,0401,163,UNDEFINED,Cute Pocket Chinese Zodiac - Horse - Metal Bookmark
U0401-163-C,MX,0401,163,UNDEFINED,Cute Pocket Chinese Zodiac - Horse - Metal Bookmark
U0401-163-G,M1,0401,163,UNDEFINED,Cute Pocket Chinese Zodiac - Horse - Metal Bookmark
U0401-163-G,M2,0401,163,UNDEFINED,Cute Pocket Chinese Zodiac - Horse - Metal Bookmark
U0401-163-G,MX,0401,163,UNDEFINED,Cute Pocket Chinese Zodiac - Horse - Metal Bookmark
U0450-231-C,MX,0450,231,other plating,Cute Pocket Zodiac - Aries
U0450-231-G,M1,0450,231,other plating,Cute Pocket Zodiac - Aries
U0451-231-C,MX,0451,231,other plating,Cute Pocket Zodiac - Taurus
U0451-231-G,M1,0451,231,other plating,Cute Pocket Zodiac - Taurus
U0452-231-C,MX,0452,231,other plating,Cute Pocket Zodiac - Gemini
U0452-231-G,M1,0452,231,other plating,Cute Pocket Zodiac - Gemini
U0453-231-C,MX,0453,231,other plating,Cute Pocket Zodiac - Cancer
U0453-231-G,M1,0453,231,other plating,Cute Pocket Zodiac - Cancer
U0454-231-C,MX,0454,231,other plating,Cute Pocket Zodiac - Leo
U0454-231-G,M1,0454,231,other plating,Cute Pocket Zodiac - Leo
U0455-231-C,MX,0455,231,other plating,Cute Pocket Zodiac - Virgo
U0455-231-G,M1,0455,231,other plating,Cute Pocket Zodiac - Virgo
U0456-231-C,MX,0456,231,other plating,Cute Pocket Zodiac - Libra
U0456-231-G,M1,0456,231,other plating,Cute Pocket Zodiac - Libra
U0457-231-C,MX,0457,231,other plating,Cute Pocket Zodiac - Scorpio
U0457-231-G,M1,0457,231,other plating,Cute Pocket Zodiac - Scorpio
U0458-231-C,MX,0458,231,UNDEFINED,Cute Pocket Zodiac - Sagittarius
U0458-231-G,M1,0458,231,other plating,Cute Pocket Zodiac - Sagittarius
U0458-231-G,MX,0458,231,UNDEFINED,Cute Pocket Zodiac - Sagittarius
U0459-231-C,MX,0459,231,UNDEFINED,Cute Pocket Zodiac - Capricorn
U0459-231-G,M1,0459,231,other plating,Cute Pocket Zodiac - Capricorn
U0459-231-G,MX,0459,231,UNDEFINED,Cute Pocket Zodiac - Capricorn
U0460-231-C,MX,0460,231,UNDEFINED,Cute Pocket Zodiac - Aquarius
U0460-231-G,M1,0460,231,other plating,Cute Pocket Zodiac - Aquarius
U0460-231-G,MX,0460,231,UNDEFINED,Cute Pocket Zodiac - Aquarius
U0461-231-C,MX,0461,231,other plating,Cute Pocket Zodiac - Pisces
U0461-231-G,M1,0461,231,other plating,Cute Pocket Zodiac - Pisces
