design,format,name,status,app_routes,source,agree,stones,positions,from_codes
0598,001,Lion Freestand,concept,AD,none,,,,
0599,001,Elephant Freestand,concept,AD,none,,,,
0600,001,Bull Freestand,concept,AD,none,,,,
0601,001,Crystal Bulldog Freestand,concept,AD,none,,,,
0602,001,Crystal Labrador Puppy Freestand,concept,AD,none,,,,
0603,001,Crystal Cat Freestand,concept,AD,none,,,,
0605,001,Crystal Fabric Rose Figurine,active,D,none,,,,
0002,236,Mini Butterfly Music Box (Wood Body),active,D,other format (001),yes,4,2x chaton 18 + 2x octagon 2h 14,D0002-001-CAB D0002-001-CGR D0002-001-CVL D0002-001-GAB …
0006,230,Mini Hummingbird with Crystal Bible,stock,D,other format (001),yes,4,2x chaton 18 + 2x octagon 2h 14,A0006-001-CCL D0006-001-CAX D0006-001-CBL D0006-001-CMX …
0006,236,Mini Hummingbird Music Box (Wood Body),stock,D,other format (001),yes,4,2x chaton 18 + 2x octagon 2h 14,A0006-001-CCL D0006-001-CAX D0006-001-CBL D0006-001-CMX …
0015,242,Black Crystal Fine Rock Fabric (1.5mm rhinestones) Magsafe Wallet Stand,active,B,other format (001),NO,3,1x octagon 1h 14 + 2x octagon 2h 14,D0015-001-GMX H0015-001-CPI H0015-001-GPI M0015-001-GBL …
0026,236,Swan Music Box (Wood Body),active,D,other format (001),NO,5,5x octagon 2h 14,D0026-001-AC1 D0026-001-CAX D0026-001-CAXMFLW01 D0026-001-CBL …
0030,236,Mini Cross Music Box (Wood Body),active,D,other format (001),yes,2,2x octagon 2h 14,D0030-001-CAB D0030-001-CBL D0030-001-CC1 D0030-001-CGR …
0031,236,Dolphin Music Box (Wood Body),active,D,other format (001),yes,4,4x octagon 2h 14,A0031-001-GCL D0031-001-AC1 D0031-001-CM2 D0031-001-GAX …
0037,232,Twin Hearts - Zinc alloy Mini Oval Base with Round Plaque,stock,D,other format (001),yes,2,2x octagon 2h 14,D0037-001-CM1 D0037-001-CPI D0037-001-CRE D0037-001-GM1 …
0037,236,Twin Heart Music Box (Wood Body),active,D,other format (001),yes,2,2x octagon 2h 14,D0037-001-CM1 D0037-001-CPI D0037-001-CRE D0037-001-GM1 …
0040,232,Twin Hearts(Love) - Zinc alloy Mini Oval Base with Round Plaque,stock,D,other format (001),yes,2,2x octagon 2h 14,D0040-001-CC1 D0040-001-GRE D0040-001-RC1 D0040-001-RRE …
0042,239,Heart,stock,H,other format (001),NO,1,1x #8015 1h 20,H0042-001-CAB H0042-001-CC1 H0042-001-CPI000 H0042-001-CVL …
0043,231,Mini Heart - Zinc alloy Mobile Freestand with Black Pad Print,stock,D,other format (001),yes,1,1x octagon 2h 14,D0043-001-CPI D0043-001-GC1 D0043-001-GRE U0043-001-CABG296 …
0055,236,Violin Music Box (Wood Body),active,D,other format (001),NO,7,5x chaton 26 + 1x octagon 2h 14 + 1x octagon 2h 18,D0055-001-CBL D0055-001-CC1 D0055-001-CM1 D0055-001-CMX …
0062,236,Mini Globe Music Box (Wood Body),active,D,other format (001),yes,6,6x octagon 2h 14,A0062-001-GCL D0062-001-CAX D0062-001-CMX D0062-001-GC1 …
0064,239,Hugging Heart,stock,H,other format (001),NO,2,1x #8015 1h 20 + 1x octagon 1h 14,U0064-001-CBL U0064-001-CC1 U0064-001-GBL U0064-001-GC1 …
0083,230,Mini Sunburst with Crystal Bible,active,D,other format (001),yes,1,1x octagon 2h 14,D0083-001-CTO D0083-001-GC1 D0083-001-GGO D0083-001-GRE …
0088,230,Mini Owl with Crystal Bible,active,U,other format (001),NO,3,2x chaton 26 + 1x octagon 1h 14,A0088-001-CC1 A0088-001-CCL D0088-001-CB1 D0088-001-GC1 …
0088,236,Mini Owl Music Box (Wood Body),active,U,other format (001),NO,3,2x chaton 26 + 1x octagon 1h 14,A0088-001-CC1 A0088-001-CCL D0088-001-CB1 D0088-001-GC1 …
0094,230,Mini Dolphin with Crystal Bible,active,D,other format (001),yes,5,2x chaton 18 + 1x chaton 26 + 2x octagon 2h 14,A0094-001-CC1 A0094-001-CCL D0094-001-CAB D0094-001-CBL …
0168,231,Mini Heart(Heart) - Zinc alloy Mobile Freestand with Black Pad Print,stock,D,other format (001),yes,2,1x chaton 26 + 1x octagon 2h 14,D0168-001-CPI D0168-001-GC1 D0168-001-GPI U0168-001-CAB …
0168,232,Mini Heart(Heart) - Zinc alloy Mini Oval Base with Round Plaque,stock,D,other format (001),yes,2,1x chaton 26 + 1x octagon 2h 14,D0168-001-CPI D0168-001-GC1 D0168-001-GPI U0168-001-CAB …
0169,232,Mini Heart(Arrow) - Zinc alloy Mini Oval Base with Round Plaque,stock,D,other format (001),NO,2,1x chaton 26 + 1x octagon 2h 14,D0169-001-CPI D0169-001-GRE U0169-001-CBL U0169-001-CGR …
0171,231,Mini Heart(Doves) - Zinc alloy Mobile Freestand with Black Pad Print,stock,D,other format (001),yes,3,2x chaton 18 + 1x octagon 2h 14,D0171-001-CVL D0171-001-GPI U0171-001-C01000S35 U0171-001-CBL …
0172,232,Mini Heart(w/ Slot) - Zinc alloy Mini Oval Base with Round Plaque,stock,D,other format (001),yes,1,1x octagon 2h 14,D0172-001-CPI D0172-001-GC1 D0172-001-GPI U0172-001-CAB …
0229,231,Mini Heart (Love) - Zinc alloy Mobile Freestand with Black Pad Print,stock,D,other format (001),yes,2,1x chaton 26 + 1x octagon 2h 14,D0229-001-CAB U0229-001-CPI U0229-001-CVL U0229-001-GC1 …
0229,232,Mini Heart (Love) - Zinc alloy Mini Oval Base with Round Plaque,stock,D,other format (001),yes,2,1x chaton 26 + 1x octagon 2h 14,D0229-001-CAB U0229-001-CPI U0229-001-CVL U0229-001-GC1 …
0337,231,Pocket - Love - Zinc alloy Mobile Freestand with Black Pad Print,stock,D,other format (001),yes,1,1x octagon 2h 14,D0337-001-CRE U0337-001-CC1 U0337-001-CGO U0337-001-CGRE …
0337,232,Pocket - Love - Zinc alloy Mini Oval Base with Round Plaque,stock,D,other format (001),yes,1,1x octagon 2h 14,D0337-001-CRE U0337-001-CC1 U0337-001-CGO U0337-001-CGRE …
0338,231,Pocket - Twin Hearts - Zinc alloy Mobile Freestand with Black Pad Print,stock,D,other format (001),yes,1,1x octagon 2h 14,D0338-001-CRE D0338-001-GRE D0338-001-GREE U0338-001-CAB …
0338,232,Pocket - Twin Hearts - Zinc alloy Mini Oval Base with Round Plaque,stock,D,other format (001),yes,1,1x octagon 2h 14,D0338-001-CRE D0338-001-GRE D0338-001-GREE U0338-001-CAB …
0355,230,Mini Rose with Crystal Bible,active,D,other format (001),yes,1,1x octagon 2h 14,D0355-001-CC12AT D0355-001-CC1Q264 D0355-001-CPI245 D0355-001-CPIQ244 …
0377,231,Blooming Heart - Zinc alloy Mobile Freestand with Black Pad Print,stock,D,other format (001),yes,11,10x chaton 26 + 1x octagon 2h 14,U0377-001-GAB U0377-001-GCL U0377-001-GRE
0377,232,Blooming Heart - Zinc alloy Mini Oval Base with Round Plaque,stock,D,other format (001),yes,11,10x chaton 26 + 1x octagon 2h 14,U0377-001-GAB U0377-001-GCL U0377-001-GRE
0378,163,Love Drop - Metal Bookmark,stock,D,other format (001),NO,7,1x #6228 14 + 6x chaton 26,H0378-001-GC1 U0378-001-C01924 U0378-001-G01924 U0378-001-GCL …
0378,240,Love Drop,stock,U,other format (001),NO,7,1x #6228 14 + 6x chaton 26,H0378-001-GC1 U0378-001-C01924 U0378-001-G01924 U0378-001-GCL …
0379,232,Leafy Heart - Zinc alloy Mini Oval Base with Round Plaque,stock,D,other format (001),NO,4,3x chaton 24 + 1x octagon 2h 14,D0379-001-CPI U0379-001-CBL U0379-001-GCL U0379-001-GRE
0380,231,Sweet Heart - Zinc alloy Mobile Freestand with Black Pad Print,stock,D,other format (001),NO,4,3x chaton 26 + 1x octagon 2h 14,U0380-001-GCL U0380-001-GPI
0380,232,Sweet Heart - Zinc alloy Mini Oval Base with Round Plaque,stock,D,other format (001),NO,4,3x chaton 26 + 1x octagon 2h 14,U0380-001-GCL U0380-001-GPI
0399,163,Cute Pocket Chinese Zodiac - Dragon - Metal Bookmark,stock,U,other format (001),yes,11,7x chaton 18 + 3x chaton 26 + 1x chaton 32,U0399-001-CDB U0399-001-CEM U0399-001-CGT U0399-001-CM1 …
0558,236,Rose & Heart Music Box (Wood Body),active,D,other format (001),yes,1,1x octagon 2h 14,D0558-001-CPI000 D0558-001-CPI233 D0558-001-CPI238 D0558-001-CPI244 …
0574,236,Double Heart (Lrg) Music Box (Wood Body),active,D,other format (001),NO,2,2x heart 1414,H0574-001-GC1227ZNC H0574-001-GC1MFLW02 H0574-001-GC1MFLW03 H0574-001-GRE227 …
0597,236,Running Horse Music Box (Wood Body),active,U,other format (001),NO,4,2x chaton 18 + 2x octagon 1h 14,A0597-001-GC1 U0597-001-GC1 U0597-001-GC1948
0597,237,Running Horse Pen Stand (Wood Base),active,U,other format (001),NO,4,2x chaton 18 + 2x octagon 1h 14,A0597-001-GC1 U0597-001-GC1 U0597-001-GC1948
0582,231,Twins Love Heart - Zinc alloy Mobile Freestand with Black Pad Print,stock,D,other format (149),yes,2,2x octagon 2h 14,D0582-149-CC12AT U0582-149-CC1206 U0582-149-CC1275 U0582-149-CC12AQ …
0393,175,Cute Pocket - Crown - Letter Opener,stock,U,other format (186),NO,9,6x chaton 26 + 3x chaton 32,U0393-186-CBL255 U0393-186-CBLT255 U0393-186-CBLT256 U0393-186-CBLT256S35 …
0497,001,Horse with Little Horseshoe,stock,D,other format (189),yes,4,2x chaton 18 + 1x chaton 26 + 1x octagon 2h 14,D0497-189-CC1223 D0497-189-CC1T223 D0497-189-GC1223 U0497-189-CABT …
0396,175,Cute Pocket - Elephant - Letter Opener,stock,U,other format (204),yes,8,4x chaton 18 + 2x chaton 26 + 2x chaton 32,U0396-204-CMX
0397,175,Cute Pocket - Ladybug - Letter Opener,stock,U,other format (204),yes,8,3x chaton 18 + 2x chaton 26 + 3x chaton 32,D0397-204-CMX U0397-204-CMX U0397-204-GMX
0035,001,Turtle,stock,D,other route (A),yes,7,7x octagon 2h 14,A0035-001-GCL
0061,237,Globe Pen Stand (Wood Base),active,D,other route (A),yes,6,6x octagon 2h 18,A0061-237-GCLA28
0106,001,Junior Angel(Doves),stock,H,other route (A),yes,3,1x drop 1h 20 + 2x octagon 2h 14,A0106-001-CCL
0574,001,Double Hearts Freestand with Ribbon Plate,active,D,other route (H),yes,2,2x heart 1414,H0574-001-GC1227ZNC H0574-001-GC1MFLW02 H0574-001-GC1MFLW03 H0574-001-GRE227 …
0004,001,Original Hummingbird,stock,M,other route (U),yes,3,2x octagon 2h 14 + 1x oval 2h 20,U0004-001-AAB U0004-001-CAB U0004-001-CAB000I03 U0004-001-CBL …
0010,001,Sacred Angel(Hymn Book),stock,D,other route (U),yes,5,5x octagon 2h 14,U0010-001-CGO U0010-001-CMX U0010-001-GC1 U0010-001-GCL …
0015,001,Guardian Angel(Heart),stock,M,other route (U),NO,3,1x octagon 1h 14 + 2x octagon 2h 14,U0015-001-ALP U0015-001-CAX U0015-001-CAX000I03 U0015-001-CBL …
0017,001,Guardian Angel(Star),stock,M,other route (U),yes,3,1x octagon 1h 14 + 2x octagon 2h 14,U0017-001-CAB U0017-001-CAX U0017-001-CBL U0017-001-CGO …
0024,001,Mini Sacred Angel(Dove),stock,D,other route (U),NO,5,1x chaton 18 + 2x chaton 26 + 2x octagon 2h 14,U0024-001-AMX U0024-001-CAB U0024-001-CAX U0024-001-CAX000I03 …
0025,001,Mini Sacred Angel(Star),stock,D,other route (U),NO,5,1x chaton 18 + 2x chaton 26 + 2x octagon 2h 14,U0025-001-CAB U0025-001-CAX U0025-001-CAX000S35 U0025-001-CBL …
0045,001,Cat(Ball),stock,D,other route (U),yes,3,3x octagon 2h 14,U0045-001-C01 U0045-001-CGO U0045-001-CLP U0045-001-CMX …
0055,001,Violin Freestand,active,D,other route (U),NO,7,5x chaton 26 + 1x octagon 2h 14 + 1x octagon 2h 18,U0055-001-AM1 U0055-001-AMX U0055-001-CBL U0055-001-CC1 …
0061,001,Globe Freestand,active,D,other route (U),NO,6,6x octagon 2h 14,U0061-001-CBL U0061-001-CC1 U0061-001-GC1 U0061-001-GCL …
0064,001,Hugging Heart,stock,H,other route (U),NO,2,1x #8015 1h 20 + 1x octagon 1h 14,U0064-001-CBL U0064-001-CC1 U0064-001-GBL U0064-001-GC1 …
0070,001,Crystal Egg,stock,D,other route (U),yes,10,10x octagon 2h 14,U0070-001-AMX U0070-001-CBL U0070-001-CCL U0070-001-CM1 …
0085,001,Flower Fairy(Rose),stock,M,other route (U),NO,8,1x #8641 1h 2012 + 3x chaton 18 + 4x octagon 2h 14,U0085-001-C01 U0085-001-CC1 U0085-001-CGR U0085-001-CM1 …
0111,001,B-fly Fairy(Ribbon),stock,D,other route (U),yes,4,4x octagon 2h 14,U0111-001-C01 U0111-001-CGO U0111-001-CM1000P22 U0111-001-CMX …
0114,001,Butterfly,stock,D,other route (U),yes,4,4x octagon 2h 14,U0114-001-CGO000P22 U0114-001-CGR U0114-001-GCL U0114-001-GDB
0115,001,Comma Butterfly,stock,D,other route (U),yes,4,4x octagon 2h 14,U0115-001-AMX U0115-001-CGR U0115-001-CM1 U0115-001-CM4 …
0123,001,Fruit - Apple,stock,D,other route (U),yes,10,4x chaton 18 + 4x chaton 26 + 2x octagon 2h 14,U0123-001-CLP
0145,001,Coffee Pot,stock,D,other route (U),NO,4,4x octagon 2h 14,U0145-001-ATO U0145-001-CGO U0145-001-CLP U0145-001-CPU …
0160,001,,active,D,other route (U),yes,9,9x octagon 2h 14,U0160-001-AMX U0160-001-CBL U0160-001-CGO U0160-001-CGR …
0226,163,Pocket - Sweetie Angel - Metal Bookmark,stock,D,other route (U),yes,1,1x octagon 2h 14,U0226-163-CABA U0226-163-CBLA U0226-163-CGRA U0226-163-CPIA …
0230,001,Mini Heart (Birthstone),stock,D,other route (U),NO,2,1x chaton 26 + 1x octagon 2h 14,U0230-001-CAB010 U0230-001-CC1000 U0230-001-CC1004 U0230-001-CDB009 …
0253,001,Bull,stock,D,other route (U),yes,2,1x chaton 26 + 1x octagon 2h 14,U0253-001-CAB U0253-001-CBL U0253-001-CC1 U0253-001-CCL …
0269,163,Pocket - Tropical Fish - Metal Bookmark,stock,D,other route (U),yes,1,1x octagon 2h 14,U0269-163-CABA U0269-163-CREA U0269-163-GABA U0269-163-GEMA …
0274,163,Pocket - Elephant - Metal Bookmark,stock,D,other route (U),yes,1,1x octagon 2h 14,U0274-163-CBLA U0274-163-CLP U0274-163-CLPA U0274-163-CPIA …
0278,163,Pocket - Teddy Bear - Metal Bookmark,stock,D,other route (U),yes,1,1x octagon 2h 14,U0278-163-CAB U0278-163-CABA U0278-163-CABA000W25 U0278-163-CABG …
0286,175,Pocket - Sea Shell - Letter Opener,stock,D,other route (U),yes,2,1x chaton 26 + 1x octagon 2h 14,U0286-175-CABA U0286-175-CDB U0286-175-CDBA U0286-175-GC1A
0289,175,Pocket - Angel - Letter Opener,stock,D,other route (U),yes,2,1x chaton 26 + 1x octagon 2h 14,U0289-175-CBL U0289-175-CBLA U0289-175-CC1A
0290,175,Pocket - Heart - Letter Opener,stock,D,other route (U),yes,2,1x chaton 26 + 1x octagon 2h 14,U0290-175-CRE U0290-175-CREA U0290-175-GREA
0291,163,Pocket - Swing - Metal Bookmark,stock,D,other route (U),yes,1,1x octagon 2h 14,U0291-163-CC1A000W25 U0291-163-CREA U0291-163-GDBA
0291,175,Pocket - Swing - Letter Opener,stock,D,other route (U),yes,2,1x chaton 26 + 1x octagon 2h 14,U0291-175-CC1A U0291-175-GGTA
0292,175,Pocket - Butterfly - Letter Opener,stock,D,other route (U),yes,2,1x chaton 26 + 1x octagon 2h 14,U0292-175-CPIA U0292-175-GPU U0292-175-GPUA
0325,163,Pocket - Thorns Cross - Metal Bookmark,stock,D,other route (U),yes,1,1x octagon 2h 14,U0325-163-CABA U0325-163-CBLA U0325-163-CGRA U0325-163-CPIA …
0339,001,Pocket - Rose,stock,D,other route (U),yes,1,1x octagon 2h 14,U0339-001-CPI U0339-001-CVL U0339-001-CVLE U0339-001-GC1 …
0355,001,Mini Rose Freestand,active,AD,other route (U),yes,1,1x octagon 2h 14,U0355-001-AJTQ244 U0355-001-AJTQ249 U0355-001-APUH03S35 U0355-001-APUQ250S35 …
0366,164,,stock,D,other route (U),NO,6,6x octagon 2h 14,U0366-164-ACLG U0366-164-AG1G U0366-164-AG2 U0366-164-AG2G …
0368,164,,stock,D,other route (U),yes,21,13x chaton 18 + 4x chaton 26 + 4x octagon 2h 14,U0368-164-AGX U0368-164-AGXG U0368-164-AGXG000P22 U0368-164-AJT …
0377,001,Blooming Heart,stock,D,other route (U),yes,11,10x chaton 26 + 1x octagon 2h 14,U0377-001-GAB U0377-001-GCL U0377-001-GRE
0377,163,Blooming Heart - Metal Bookmark,stock,D,other route (U),NO,11,10x chaton 26 + 1x octagon 2h 14,U0377-163-AABA U0377-163-AEMA U0377-163-AGOA U0377-163-ALPA …
0378,001,Love Drop,stock,H,other route (U),NO,7,1x #6228 14 + 6x chaton 26,U0378-001-C01924 U0378-001-G01924 U0378-001-GCL U0378-001-GMX
0380,001,Sweet Heart,stock,D,other route (U),NO,4,3x chaton 26 + 1x octagon 2h 14,U0380-001-GCL U0380-001-GPI
0383,001,Duckling,stock,D,other route (U),yes,1,1x octagon 2h 14,U0383-001-CGO U0383-001-GGO
0383,165,,stock,D,other route (U),NO,9,5x chaton 18 + 3x chaton 26 + 1x octagon 2h 14,U0383-165-CAB U0383-165-CABK U0383-165-CBL U0383-165-CBLG …
0384,165,,stock,D,other route (U),NO,9,6x chaton 18 + 2x chaton 26 + 1x octagon 2h 14,U0384-165-C01K U0384-165-CABG U0384-165-CABK U0384-165-CBLK …
0386,165,,stock,D,other route (U),NO,10,9x chaton 18 + 1x octagon 2h 14,U0386-165-AABK U0386-165-ABLK U0386-165-AC1K U0386-165-ADBK …
0466,001,Pocket - Plum Flower,stock,D,other route (U),yes,5,4x chaton 18 + 1x octagon 2h 14,U0466-001-GRE
0558,001,Mini Rose Freestand with Heart Plaque,active,AD,other route (U),yes,1,1x octagon 2h 14,U0558-001-CPI233 U0558-001-CPI238 U0558-001-CPI245 U0558-001-CPI246 …
0562,001,Mini Double Roses Freestand with Plaque,active,AD,other route (U),yes,2,2x octagon 2h 14,U0562-001-CAB245 U0562-001-CAB249 U0562-001-CAB264 U0562-001-CAB2AD …
A061,231,Crystal Heart (40mm) Mobile Freestand with Plaque Clear,active,UA,other route (U),yes,2,2x octagon 2h 14,UA061-231-CBL203 UA061-231-CC1206 UA061-231-CC12AV UA061-231-CGO208 …
A062,224,Crystal Teddy Bear Freestand with Red Heart Crystal,active,UA,other route (U),yes,2,2x chaton 26,UA062-224-CBL2D2 UA062-224-CC12D4 UA062-224-CC12D5 UA062-224-CPI204 …
