family,size,suffix,app_code,match_source,colour_words,erp_name,ambiguous
BDC-3130,1414,002,C1,name match (alias),Crystal,Bohemia heart crystal #3130(14.4x14) Crystal,
BDC-3130,1414,005,PI,name match,Rosaline,Bohemia heart crystal #3130(14.4x14) Rosaline,
BDC-3130,1414,013,AB,name match (alias),Blue AB,Bohemia heart crystal #3130(14.4x14) Blue AB,
BDC-8232,0014,001,BL,exact (code in ERP name),Medium Sapph,Bohemia glass 8232/14(BL) double hole Medium Sapph,
BDC-8232,0014,002,C1,exact (code in ERP name),Crystal,Bohemia glass 8232/14(C1) double hole Crystal,
BDC-8232,0014,003,GO,exact (code in ERP name),Amber,Bohemia glass 8232/14(GO) double hole Amber,
BDC-8232,0014,004,GR,exact (code in ERP name),Aquamarine,Bohemia glass 8232/14(GR) double hole Aquamarine,
BDC-8232,0014,005,PI,exact (code in ERP name),Rosaline,Bohemia glass 8232/14(PI) double hole Rosaline,
BDC-8232,0014,006,PU,exact (code in ERP name),BlueViolet,Bohemia glass 8232/14(PU) double hole BlueViolet,
BDC-8232,0014,007,RE,exact (code in ERP name),Ruby,Bohemia glass 8232/14(RE) double hole Ruby,
BDC-8232,0014,008,EM,exact (code in ERP name),Emerald,Bohemia glass 8232/14(EM) double hole Emerald,
BDC-8232,0014,009,TO,exact (code in ERP name),double holeTopaz,Bohemia glass 8232/14(TO) double holeTopaz,
BDC-8232,0014,010,LP,exact (code in ERP name),Light Perido,Bohemia glass 8232/14(LP) double hole Light Perido,
BDC-8232,0014,011,VL,exact (code in ERP name),Violet,Bohemia glass 8232/14(VL) double hole Violet,
BDC-8232,0014,012,GT,exact (code in ERP name),Golden Teak,Bohemia glass 8232/14(GT) double hole Golden Teak,
BDC-8232,0014,013,AB,exact (code in ERP name),Blue AB,Bohemia glass 8232/14(AB) double hole Blue AB,
BDC-8232,0014,028,DB,exact (code in ERP name),DarkSapphire,Bohemia glass 8232/14(DB) double hole DarkSapphire,
BDC-8232,0018,002,CL,exact (code in ERP name),Crystal,Bohemia glass 8232/18(CL) double hole Crystal,
BDC-8249,0014,001,BL,exact (code in ERP name),Medium Sapph,Bohemia glass 8249/14(BL) double hole Medium Sapph,
C01,801 114,002,C1,name match (alias),Crystal,Swarovski Spectra #8290/14 one hole Crystal,
C01,801 220,002,C1,name match (alias),Crystal,Swarovski spectra #8290/20 double hole Crystal,
C01-1028,18,001,BL,name match,Sapphire,Swarovski PP#1028/18 Sapphire,
C01-1028,18,002,C1,name match (alias),Crystal,Swarovski PP#1028/18 Crystal,
C01-1028,18,003,GO,name match,Light Topaz,Swarovski PP#1028/18 Light Topaz,
C01-1028,18,005,PI,name match (alias),Rose,Swarovski PP#1028/18 Rose,
C01-1028,18,008,EM,name match,Emerald,Swarovski PP#1028/18 Emerald,
C01-1028,18,009,TO,name match,Topaz,Swarovski PP#1028/18 Topaz,
C01-1028,18,013,AB,name match (alias),AB.BL,Swarovski PP#1028/18 AB.BL,
C01-1028,18,015,,accent — no library slot (decided),Amethyst,Swarovski PP#1028/18 Amethyst,
C01-1028,18,016,GR,name match,Aquamarine,Swarovski PP#1028/18 Aquamarine,
C01-1028,18,017,,accent — no library slot (decided),Blue Zircon,Swarovski PP#1028/18 Blue Zircon,
C01-1028,18,018,,accent — no library slot (decided),Garnet,Swarovski PP#1028/18 Garnet,
C01-1028,18,019,,accent — no library slot (decided),Light Amethyst,Swarovski PP#1028/18 Light Amethyst,
C01-1028,18,020,,accent — no library slot (decided),Peridot,Swarovski PP#1028/18 Peridot,
C01-1028,18,021,RE,name match,Ruby,Swarovski PP#1028/18 Ruby,
C01-1028,18,022,,accent — no library slot (decided),Siam,Swarovski PP#1028/18 Siam,
C01-1028,18,023,,accent — no library slot (decided),Black Diamond,Swarovski PP#1028/18 Black Diamond,
C01-1028,18,024,,accent — no library slot (decided),Light Colorado Topaz,Swarovski PP#1028/18 Light Colorado Topaz,
C01-1028,18,025,,accent — no library slot (decided),Capri Blue,Swarovski PP#1028/18 Capri Blue,
C01-1028,18,035,FU,name match,Fuchsia,Swarovski PP#1028/18 Fuchsia,
C01-1028,18,037,,accent — no library slot (decided),Light Rose,Swarovski PP#1028/18 Light Rose,
C01-1028,18,041,,accent — no library slot (decided),Vintage Rose,Swarovski PP#1028/18 Vintage Rose,
C01-1028,18,042,,accent — no library slot (decided),Jonquil,Swarovski PP#1028/18 Jonquil,
C01-1028,18,044,,accent — no library slot (decided),Light Peach,Swarovski PP#1028/18 Light Peach,
C01-1028,18,046,,accent — no library slot (decided),Smoked Topaz,Swarovski PP#1028/18 Smoked Topaz,
C01-1028,24,040,,accent — no library slot (decided),White Opal,Swarovski PP#1028/24 White Opal,
C01-1028,24,041,,accent — no library slot (decided),Vintage Rose,Swarovski PP#1028/24 Vintage Rose,
C01-1028,25,017,,accent — no library slot (decided),Blue Zircon,Swarovski PP#1028/25  Blue Zircon,
C01-1028,26,001,BL,name match,Sapphire,Swarovski PP#1028/26 Sapphire,
C01-1028,26,002,C1,name match (alias),Crystal,Swarovski PP#1028/26 Crystal,
C01-1028,26,005,PI,name match (alias),Rose,Swarovski PP#1028/26 Rose,
C01-1028,26,008,EM,name match,Emerald,Swarovski PP#1028/26 Emerald,
C01-1028,26,009,TO,name match,Topaz,Swarovski PP#1028/26 Topaz,
C01-1028,26,013,AB,name match (alias),BL.AB,Swarovski PP#1028/26 BL.AB,
C01-1028,26,015,,accent — no library slot (decided),Amethyst,Swarovski PP#1028/26 Amethyst,
C01-1028,26,016,GR,name match,Aquamarine,Swarovski PP#1028/26 Aquamarine,
C01-1028,26,017,,accent — no library slot (decided),Blue Zircon,Swarovski PP#1028/26 Blue Zircon,
C01-1028,26,018,,accent — no library slot (decided),Garnet,Swarovski PP#1028/26 Garnet,
C01-1028,26,019,,accent — no library slot (decided),Light Amethyst,Swarovski PP#1028/26 Light Amethyst,
C01-1028,26,020,,accent — no library slot (decided),Peridot,Swarovski PP#1028/26 Peridot,
C01-1028,26,021,RE,name match,Ruby,Swarovski PP#1028/26 Ruby,
C01-1028,26,022,,accent — no library slot (decided),Siam,Swarovski PP#1028/26 Siam,
C01-1028,26,023,,accent — no library slot (decided),Black Diamond,Swarovski PP#1028/26 Black Diamond,
C01-1028,26,024,,accent — no library slot (decided),Light Colorado Topaz,Swarovski PP#1028/26 Light Colorado Topaz,
C01-1028,26,025,,accent — no library slot (decided),Capri Blue,Swarovski PP#1028/26 Capri Blue,
C01-1028,26,035,FU,name match,Fuchsia,Swarovski PP#1028/26 Fuchsia,
C01-1028,26,042,,accent — no library slot (decided),Jonquil,Swarovski PP#1028/26 Jonquil,
C01-1028,32,001,BL,name match,Sapphire,Swarovski PP#1028/32 Sapphire,
C01-1028,32,002,C1,name match (alias),Crystal,Swarovski PP#1028/32 Crystal,
C01-1028,32,005,PI,name match (alias),Rose,Swarovski PP#1028/32 Rose,
C01-1028,32,008,EM,name match,Emerald,Swarovski PP#1028/32 Emerald,
C01-1028,32,009,TO,name match,Topaz,Swarovski PP#1028/32 Topaz,
C01-1028,32,013,AB,name match (alias),AB BL,Swarovski PP#1028/32  AB BL,
C01-1028,32,014,,accent — no library slot (decided),Jet,Swarovski PP#1028/32 Jet,
C01-1028,32,015,,accent — no library slot (decided),Amethyst,Swarovski PP#1028/32 Amethyst,
C01-1028,32,016,GR,name match,Aquamarine,Swarovski PP#1028/32 Aquamarine,
C01-1028,32,017,,accent — no library slot (decided),Blue Zircon,Swarovski PP#1028/32 Blue Zircon,
C01-1028,32,018,,accent — no library slot (decided),Garnet,Swarovski PP#1028/32 Garnet,
C01-1028,32,019,,accent — no library slot (decided),Light Amethyst,Swarovski PP#1028/32 Light Amethyst,
C01-1028,32,021,RE,name match,Ruby,Swarovski PP#1028/32 Ruby,
C01-1028,32,023,,accent — no library slot (decided),Black Diamond,Swarovski PP#1028/32 Black Diamond,
C01-1028,32,024,,accent — no library slot (decided),Light Colorado Topaz,Swarovski PP#1028/32 Light Colorado Topaz,
C01-1028,32,025,,accent — no library slot (decided),Capri Blue,Swarovski PP#1028/32 Capri Blue,
C01-1028,32,026,,accent — no library slot (decided),Chrysolite,Swarovski PP#1028/32 Chrysolite,
C01-1028,32,042,,accent — no library slot (decided),Jonquil,Swarovski PP#1028/32 Jonquil,
C01-1080,14,002,C1,name match (alias),Crystal,Asfour #1080/14 double hole Crystal,
C01-1088,SS29,009,TO,app code used as the name,TO,Swarovski SS#1088/SS29  TO,
C01-8015,20,001,BL,name match (alias),Medium Sapphire,Swarovski Strass #8015/20 one hole Medium Sapphire,
C01-8015,20,002,C1,name match (alias),Crystal,Swarovski Strass #8015/20 one hole Crystal,
C01-8016,14,003,GO,name match,Light Topaz,Swarovski Strass #8016/14 double hole Light Topaz,
C01-8016,14,007,RE,name match (alias),Bordeaux,Swarovski Strass #8016/14 double hole Bordeaux,
C01-8016,14,012,GT,name match,Golden Teak,Swarovski Strass #8016/14 double hole Golden Teak,
C01-8102,20,001,BL,name match (alias),medium Sapph,Swarovski Strass #8102/20 double hole medium Sapph,
C01-8102,20,002,C1,name match (alias),Crystal,Swarovski Strass #8102/20 double hole Crystal,
C01-8115,14,001,BL,name match (alias),Medium Sapphire,Swarovski Strass #8115/14 one hole Medium Sapphire,
C01-8115,14,002,C1,name match (alias),Crystal,Swarovski Strass #8115/14 one hole Crystal,
C01-8115,14,003,GO,name match,Light Topaz,Swarovski Strass #8115/14 one hole Light Topaz,
C01-8115,14,004,GR,name match (alias),Antique Green,Swarovski Strass #8115/14 one hole Antique Green,
C01-8115,14,005,PI,name match,Rosaline,Swarovski Strass #8115/14 one hole Rosaline,
C01-8115,14,006,PU,name match (alias),Blue Violet,Swarovski Strass #8115/14 one hole Blue Violet,
C01-8115,14,007,RE,name match (alias),Bordeaux,Swarovski Strass #8115/14 one hole Bordeaux,
C01-8115,14,008,EM,name match (alias),Emerlad,Swarovski Strass #8115/14 one hole Emerlad,
C01-8115,14,009,TO,name match,Topaz,Swarovski Strass #8115/14 one hole Topaz,
C01-8115,14,010,LP,name match,Light Peridot,Swarovski Strass #8115/14 one hole Light Peridot,
C01-8115,14,011,VL,name match (alias),Violet,Swarovski Strass #8115/14 one hole Violet,
C01-8115,14,013,AB,name match (alias),crystal BL.AB,Swarovski Strass#8115/14 one hole crystal BL.AB,
C01-8115,14,028,DB,name match (alias),Dk Sapph,Swarovski Strass #8115/14 one hole  Dk Sapph,
C01-8641,2012,002,C1,name match (alias),Crystal,Swarovski Strass #8641/20 one hole Crystal,
