design,format,name,status,classification,app_pcs,app_cbm,app_box,sheet_options,sheet_pcs,sheet_cbm,sheet_box,sheet_weight_ctn,sheet_carton_dims
0001,001,Swallowtail Butterfly,stock,identical,48,0.0164,P-PB007ROS-02-01,1,48,0.0164,P-PB007ROS-02-01,3,28.5 x 28 x 20.5 CM
0002,001,Mini Butterfly Freestand,active,identical,96,0.0165,P-PB001ROS-02-01,1,96,0.0165,P-PB001ROS-02-01,3.7,32.6 x 28.5 x 17.8 CM
0002,230,Mini Butterfly with Crystal Bible,active,not in sheet,48,,,0,,,,,
0002,236,Mini Butterfly Music Box (Wood Body),active,not in sheet,36,0.0358,P-PB006,0,,,,,
0003,001,Mini Angeliwing Butterfly Freestand,active,reference upgrade + multi-option,96,0.0165,PB001,2,90 | 96,0.0349 | 0.0165,P-GB001A00-06-06 | P-PB001ROS-02-01, | 3.7, | 32.6 x 28.5 x 17.8 CM
0004,001,Original Hummingbird,stock,identical,48,0.0247,P-PB002ROS-02-01,1,48,0.0247,P-PB002ROS-02-01,3.4,33 x 32.5 x 23 CM
0005,001,Fantail Hummingbird,stock,identical,48,0.0358,P-PB006ROS-02-01,1,48,0.0358,P-PB006ROS-02-01,3.3,37.5 x 27.3 x 35 CM
0006,001,Mini Hummingbird Freestand,stock,identical,48,0.0164,P-PB007ROS-02-01,1,48,0.0164,P-PB007ROS-02-01,2.5,28.5 x 28 x 20.5 CM
0006,230,Mini Hummingbird with Crystal Bible,stock,not in sheet,48,0.0358,P-PB006ROS-02-01,0,,,,,
0006,236,Mini Hummingbird Music Box (Wood Body),stock,not in sheet,48,0.0358,P-PB006ROS-02-01,0,,,,,
0007,001,Mini fantail Hummingbird,stock,reference upgrade,96,0.0165,PB001,1,96,0.0165,P-PB001ROS-02-01,3.8,32.6 x 28.5 x 17.8 CM
0008,001,Dove,stock,identical + multi-option,96,0.0165,P-PB001ROS-02-01,3,48 | 90 | 96,0.0494 | 0.0349 | 0.0165,P-PB035-02-01 | P-GB001A00-06-06 | P-PB001ROS-02-01,4 |  | 3.8, |  | 32.6 x 28.5 x 17.8 CM
0009,001,Sacred Angel Freestand,active,identical,36,0.0516,P-PB010ROS-02-01,1,36,0.0516,P-PB010ROS-02-01,4.9,
0010,001,Sacred Angel(Hymn Book),stock,identical,36,0.0516,P-PB010ROS-02-01,1,36,0.0516,P-PB010ROS-02-01,4.9,
0011,001,Sacred Angel(Lyre),stock,identical,36,0.0516,P-PB010ROS-02-01,1,36,0.0516,P-PB010ROS-02-01,4.9,
0014,001,Guardian Angel Freestand,active,identical + multi-option,96,0.0337,P-PB007ROS-02-01,2,48 | 96,0.0289 | 0.0337,P-PB027ROS-02-11 | P-PB007ROS-02-01,3 | , | 37.5 x 29.5 x 30.5CM
0014,230,Guardian Angel with Crystal Bible,active,not in sheet,48,,,0,,,,,
0014,236,Guardian Angel Music Box (Wood Body),active,not in sheet,48,,P-PB006ROS-02-01,0,,,,,
0015,001,Guardian Angel(Heart),stock,identical,96,0.0337,P-PB007ROS-02-01,1,96,0.0337,P-PB007ROS-02-01,,37.5 x 29.5 x 30.5CM
0015,242,Black Crystal Fine Rock Fabric (1.5mm rhinestones) Magsafe Wallet Stand,active,not in sheet,48,,,0,,,,,
0017,001,Guardian Angel(Star),stock,identical,96,0.0337,P-PB007ROS-02-01,1,96,0.0337,P-PB007ROS-02-01,,37.5 x 29.5 x 30.5CM
0018,001,Flying Angel(Trumpet),stock,identical,48,0.0164,P-PB007ROS-02-01,1,48,0.0164,P-PB007ROS-02-01,2.66,28.5 x 28 x 20.5 CM
0019,001,Flying Angel(Heart),stock,identical,48,0.0164,P-PB007ROS-02-01,1,48,0.0164,P-PB007ROS-02-01,2.66,28.5 x 28 x 20.5 CM
0020,001,Flying Angel(Dove),stock,identical,48,0.0164,P-PB007ROS-02-01,1,48,0.0164,P-PB007ROS-02-01,2.66,28.5 x 28 x 20.5 CM
0022,001,Mini Sacred Angel(Cross),stock,VALUE CHANGE,96,0.0165,PB001,1,96,0.0337,P-PB007ROS-02-01,4.2,37.5 x 29.5 x 30.5CM
0023,001,Mini Sacred Angel Freestand,active,VALUE CHANGE,96,0.0165,PB001,1,96,0.0337,P-PB007ROS-02-01,4.2,37.5 x 29.5 x 30.5CM
0023,230,Mini Sacred Angel with Crystal Bible,active,not in sheet,48,,,0,,,,,
0023,236,Mini Sacred Angel Music Box (Wood Body),active,not in sheet,36,0.0358,PB006,0,,,,,
0024,001,Mini Sacred Angel(Dove),stock,VALUE CHANGE,96,0.0165,PB001,1,96,0.0337,P-PB007ROS-02-01,4.2,37.5 x 29.5 x 30.5CM
0025,001,Mini Sacred Angel(Star),stock,VALUE CHANGE,96,0.0165,PB001,1,96,0.0337,P-PB007ROS-02-01,4.2,37.5 x 29.5 x 30.5CM
0026,001,Swan Freestand,active,identical + multi-option,48,0.0247,P-PB002ROS-02-01,2,12 | 48,0.048 | 0.0247,P-GB028M02 | P-PB002ROS-02-01,10.8 | 3.7, | 33 x 32.5 x 23 CM
0026,236,Swan Music Box (Wood Body),active,not in sheet,36,,,0,,,,,
0027,001,Mini Swan Freestand,active,VALUE CHANGE + multi-option,48,0.0419,P-PB035-02-01,3,48 | 90 | 96,0.0494 | 0.0349 | 0.0165,P-PB035-02-01 | P-GB001A00-06-06 | P-PB001ROS-02-01,4.3 |  | 3.7, |  | 32.6 x 28.5 x 17.8 CM
0027,236,Mini Swan Music Box (Wood Body),active,not in sheet,36,,,0,,,,,
0028,001,Eagle Freestand,active,identical,48,0.0247,P-PB002ROS-02-01,1,48,0.0247,P-PB002ROS-02-01,3.3,33 x 32.5 x 23 CM
0028,230,Eagle with Crystal Bible,active,not in sheet,48,,,0,,,,,
0029,001,Cross Freestand,active,identical + multi-option,36,0.0503,P-PB005ROS-02-01,2,24 | 36,0.0645 | 0.0503,P-PB031ROS-02-01 | P-PB005ROS-02-01, | 5, | 43.5 x 33.5 x  34.5 CM
0030,001,Mini Cross Freestand,active,reference upgrade,96,0.0165,PB001,1,96,0.0165,P-PB001ROS-02-01,3.7,32.6 x 28.5 x 17.8 CM
0030,230,Mini Cross with Crystal Bible,active,VALUE CHANGE,48,,,1,48,0.0358,P-PB006ROS-02-01,,37.5 x 27.3 x 35 CM
0030,236,Mini Cross Music Box (Wood Body),active,not in sheet,36,,,0,,,,,
0031,001,Dolphin Freestand,active,identical,48,0.0164,P-PB007ROS-02-01,1,48,0.0164,P-PB007ROS-02-01,3.1,28.5 x 28 x 20.5 CM
0031,236,Dolphin Music Box (Wood Body),active,not in sheet,36,,,0,,,,,
0032,001,Treble Clef,stock,identical,48,0.0247,P-PB002ROS-02-01,1,48,0.0247,P-PB002ROS-02-01,3.3,33 x 32.5 x 23 CM
0033,001,Mini Treble Clef Freestand,active,VALUE CHANGE,96,0.0165,PB001,1,48,0.0164,P-PB007ROS-02-01,,28.5 x 28 x 20.5 CM
0035,001,Turtle,stock,reference upgrade,96,0.0165,PB001,1,96,0.0165,P-PB001ROS-02-01,3.6,32.6 x 28.5 x 17.8 CM
0037,001,Twin Heart Freestand,active,reference upgrade,96,0.0165,PB001,1,96,0.0165,P-PB001ROS-02-01,3.9,32.6 x 28.5 x 17.8 CM
0037,230,Twin Hearts with Crystal Bible,active,not in sheet,48,,,0,,,,,
0037,232,Twin Hearts - Zinc alloy Mini Oval Base with Round Plaque,stock,not in sheet,48,0.016,6.8 x 4.4 x 9.1 cm,0,,,,,
0037,236,Twin Heart Music Box (Wood Body),active,not in sheet,36,,,0,,,,,
0040,001,Twin Hearts(Love),stock,reference upgrade,96,0.0165,PB001,1,96,0.0165,P-PB001ROS-02-01,3.9,32.6 x 28.5 x 17.8 CM
0040,232,Twin Hearts(Love) - Zinc alloy Mini Oval Base with Round Plaque,stock,not in sheet,48,0.016,6.8 x 4.4 x 9.1 cm,0,,,,,
0042,001,Heart,stock,identical,48,0.0164,P-PB007ROS-02-01,1,48,0.0164,P-PB007ROS-02-01,2.4,28.5 x 28 x 20.5 CM
0042,239,Heart,stock,not in sheet,48,0.016,6.8 x 4.4 x 9.1 cm,0,,,,,
0043,231,Mini Heart - Zinc alloy Mobile Freestand with Black Pad Print,stock,not in sheet,48,0.025,10.1  x 4 x 12.1 cm,0,,,,,
0045,001,Cat(Ball),stock,identical,24,0.0177,P-PB006ROS-02-01,1,24,0.0177,P-PB006ROS-02-01,1.7,28.2 x 27.3 x 23 CM
0046,001,Lighthouse,stock,identical,48,0.0164,P-PB007ROS-02-01,1,48,0.0164,P-PB007ROS-02-01,3.77,28.5 x 28 x 20.5 CM
0055,001,Violin Freestand,active,reference upgrade + multi-option,24,0.05,P-PB032-01-15,3,12 | 24 | 48,0.048 | 0.05 | 0.0164,P-GB028M02 | P-PB032ROS-02-01 | P-PB007ROS-02-01,10.8 | 12.3 | 3, |  | 28.5 x 28 x 20.5 CM
0055,236,Violin Music Box (Wood Body),active,not in sheet,36,,,0,,,,,
0058,001,Snowflake,stock,identical,48,0.0247,P-PB002ROS-02-01,1,48,0.0247,P-PB002ROS-02-01,3.4,33 x 32.5 x 23 CM
0061,001,Globe Freestand,active,VALUE CHANGE,24,0.0178,P-PB006ROS-02-01,1,24,0.0177,P-PB006ROS-02-01,2.3,28.2 x 27.3 x 23 CM
0061,237,Globe Pen Stand (Wood Base),active,not in sheet,24,,,0,,,,,
0062,001,Mini Globe Freestand,active,identical + multi-option,48,0.0164,P-PB007ROS-02-01,2,24 | 48,0.05 | 0.0164,P-PB032ROS-02-01 | P-PB007ROS-02-01, | 3.3, | 28.5 x 28 x 20.5 CM
0062,236,Mini Globe Music Box (Wood Body),active,not in sheet,36,,,0,,,,,
0063,001,Sweet Heart,stock,identical,48,0.0164,P-PB007ROS-02-01,1,48,0.0164,P-PB007ROS-02-01,2.66,28.5 x 28 x 20.5 CM
0064,001,Hugging Heart,stock,identical + multi-option,48,0.0247,P-PB002ROS-02-01,2,24 | 48,0.05 | 0.0247,P-PB032ROS-02-01 | P-PB002ROS-02-01, | 3.3, | 33 x 32.5 x 23 CM
0064,239,Hugging Heart,stock,not in sheet,48,0.025,7.6 x 5.1 x 10.1 cm,0,,,,,
0065,001,Cardinal,stock,identical,48,0.0164,P-PB007ROS-02-01,1,48,0.0164,P-PB007ROS-02-01,3,28.5 x 28 x 20.5 CM
0070,001,Crystal Egg,stock,identical,48,0.0247,P-PB002ROS-02-01,1,48,0.0247,P-PB002ROS-02-01,3.9,33 x 32.5 x 23 CM
0083,001,Mini Sunburst,stock,reference upgrade,96,0.0165,PB001,1,96,0.0165,P-PB001ROS-02-01,3.8,32.6 x 28.5 x 17.8 CM
0083,230,Mini Sunburst with Crystal Bible,active,not in sheet,48,,,0,,,,,
0085,001,Flower Fairy(Rose),stock,identical,48,0.0247,P-PB002ROS-02-01,1,48,0.0247,P-PB002ROS-02-01,3.1,33 x 32.5 x 23 CM
0086,001,Flower Fairy(Heart),stock,identical,48,0.0247,P-PB002ROS-02-01,1,48,0.0247,P-PB002ROS-02-01,3.1,33 x 32.5 x 23 CM
0088,001,Mini Hooded Owl Freestand,active,reference upgrade,96,0.0165,PB001,1,96,0.0165,P-PB001ROS-02-01,3.8,32.6 x 28.5 x 17.8 CM
0088,230,Mini Owl with Crystal Bible,active,not in sheet,48,,,0,,,,,
0088,236,Mini Owl Music Box (Wood Body),active,not in sheet,36,,,0,,,,,
0089,001,Mini Spotted Owl,stock,reference upgrade,96,0.0165,PB001,1,96,0.0165,P-PB001ROS-02-01,3.8,32.6 x 28.5 x 17.8 CM
0092,001,Fan-Out Peacock,stock,identical,36,0.0503,P-PB005ROS-02-01,1,36,0.0503,P-PB005ROS-02-01,4,43.5 x 33.5 x  34.5 CM
0094,001,Mini Dolphin Freestand,active,VALUE CHANGE,48,0.0419,P-PB035-02-01,1,96,0.0165,P-PB001ROS-02-01,4.5,32.6 x 28.5 x 17.8 CM
0094,230,Mini Dolphin with Crystal Bible,active,not in sheet,48,,,0,,,,,
0095,001,Tommy Cat,stock,VALUE CHANGE,48,0.0338,P-PB006ROS-02-01,1,48,0.0358,P-PB006ROS-02-01,3.6,37.5 x 27.3 x 35 CM
0096,001,Suzy Cat,stock,VALUE CHANGE,48,0.0338,P-PB006ROS-02-01,1,48,0.0358,P-PB006ROS-02-01,3.6,37.5 x 27.3 x 35 CM
0102,001,Double Music Note,stock,VALUE CHANGE,48,0.0164,P-PB007ROS-02-01,1,48,0.0247,P-PB002ROS-02-01,2.8,33 x 32.5 x 23 CM
0103,001,Music Note,stock,identical,48,0.0247,P-PB002ROS-02-01,1,48,0.0247,P-PB002ROS-02-01,2.9,33 x 32.5 x 23 CM
0106,001,Junior Angel(Doves),stock,identical,48,0.0247,P-PB002ROS-02-01,1,48,0.0247,P-PB002ROS-02-01,3.1,33 x 32.5 x 23 CM
0107,001,Junior Angel(Heart),stock,identical + multi-option,48,0.0247,P-PB002ROS-02-01,2,12 | 48,0.048 | 0.0247,P-GB028M02 | P-PB002ROS-02-01,10.8 | 3, | 33 x 32.5 x 23 CM
0108,001,Junior Angel(Lyre),stock,identical,48,0.0247,P-PB002ROS-02-01,1,48,0.0247,P-PB002ROS-02-01,3,33 x 32.5 x 23 CM
0109,001,B-fly Fairy(Dancing),stock,identical,48,0.0247,P-PB002ROS-02-01,1,48,0.0247,P-PB002ROS-02-01,3,33 x 32.5 x 23 CM
0110,001,B-fly Fairy(Heart),stock,identical,48,0.0247,P-PB002ROS-02-01,1,48,0.0247,P-PB002ROS-02-01,3,33 x 32.5 x 23 CM
0111,001,B-fly Fairy(Ribbon),stock,identical,48,0.0247,P-PB002ROS-02-01,1,48,0.0247,P-PB002ROS-02-01,3,33 x 32.5 x 23 CM
0112,001,B-fly Fairy(Star),stock,identical,48,0.0247,P-PB002ROS-02-01,1,48,0.0247,P-PB002ROS-02-01,3.29,33 x 32.5 x 23 CM
0114,001,Butterfly,stock,identical,48,0.0164,P-PB007ROS-02-01,1,48,0.0164,P-PB007ROS-02-01,3.29,28.5 x 28 x 20.5 CM
0115,001,Comma Butterfly,stock,identical,48,0.0164,P-PB007ROS-02-01,1,48,0.0164,P-PB007ROS-02-01,3,28.5 x 28 x 20.5 CM
0118,001,Watering Can,retired,reference upgrade,96,0.0165,PB001,1,96,0.0165,P-PB001ROS-02-01,3.9,32.6 x 28.5 x 17.8 CM
0119,001,Hooded Owl,stock,identical,48,0.0164,P-PB007ROS-02-01,1,48,0.0164,P-PB007ROS-02-01,3.1,28.5 x 28 x 20.5 CM
0121,001,Tennis Racquet,stock,identical,48,0.0247,P-PB002ROS-02-01,1,48,0.0247,P-PB002ROS-02-01,3.3,33 x 32.5 x 23 CM
0122,001,Penguin,stock,identical,48,0.0164,P-PB007ROS-02-01,1,48,0.0164,P-PB007ROS-02-01,2.6,28.5 x 28 x 20.5 CM
0123,001,Fruit - Apple,stock,VALUE CHANGE,96,,,1,96,0.0165,P-PB001ROS-02-01,,32.6 x 28.5 x 17.8 CM
0124,001,Fruit - Strawberry,stock,VALUE CHANGE,96,,,1,96,0.0165,P-PB001ROS-02-01,,32.6 x 28.5 x 17.8 CM
0125,001,Fruit - Pineapple,stock,VALUE CHANGE,96,,,1,96,0.0165,P-PB001ROS-02-01,,32.6 x 28.5 x 17.8 CM
0135,001,Angelfish,stock,identical,96,0.0337,P-PB007ROS-02-01,1,96,0.0337,P-PB007ROS-02-01,4.1,37.5 x 29.5 x 30.5CM
0139,001,Schnauzer Dog,stock,identical,48,0.0164,P-PB007ROS-02-01,1,48,0.0164,P-PB007ROS-02-01,2.76,28.5 x 28 x 20.5 CM
0140,001,Pelican,stock,identical,48,0.0164,P-PB007ROS-02-01,1,48,0.0164,P-PB007ROS-02-01,2.76,28.5 x 28 x 20.5 CM
0141,001,Pocket - Gift,stock,identical + multi-option,90,0.0349,P-GB001A00-06-06,2,90 | 96,0.0349 | 0.0165,P-GB001A00-06-06 | P-PB001ROS-02-01, | , | 32.6 x 28.5 x 17.8 CM
0145,001,Coffee Pot,stock,identical,48,0.0164,P-PB007ROS-02-01,1,48,0.0164,P-PB007ROS-02-01,2.76,28.5 x 28 x 20.5 CM
0153,001,Junior Angel(Candle),stock,identical,48,0.0247,P-PB002ROS-02-01,1,48,0.0247,P-PB002ROS-02-01,3.1,33 x 32.5 x 23 CM
0160,001,,active,identical,48,0.0164,P-PB007ROS-02-01,1,48,0.0164,P-PB007ROS-02-01,2.4,28.5 x 28 x 20.5 CM
0167,001,Celtic Cross,stock,reference upgrade,96,0.0165,PB001,1,96,0.0165,P-PB001ROS-02-01,3.9,32.6 x 28.5 x 17.8 CM
0168,001,Mini Heart(Heart),stock,reference upgrade,96,0.0165,PB001,1,96,0.0165,P-PB001ROS-02-01,3.5,32.6 x 28.5 x 17.8 CM
0168,231,Mini Heart(Heart) - Zinc alloy Mobile Freestand with Black Pad Print,stock,not in sheet,48,0.025,10.1  x 4 x 12.1 cm,0,,,,,
0168,232,Mini Heart(Heart) - Zinc alloy Mini Oval Base with Round Plaque,stock,not in sheet,48,0.016,6.8 x 4.4 x 9.1 cm,0,,,,,
0169,001,Mini Heart(Arrow),stock,reference upgrade,96,0.0165,PB001,1,96,0.0165,P-PB001ROS-02-01,3.5,32.6 x 28.5 x 17.8 CM
0169,232,Mini Heart(Arrow) - Zinc alloy Mini Oval Base with Round Plaque,stock,not in sheet,48,0.016,6.8 x 4.4 x 9.1 cm,0,,,,,
0171,231,Mini Heart(Doves) - Zinc alloy Mobile Freestand with Black Pad Print,stock,not in sheet,48,0.025,10.1  x 4 x 12.1 cm,0,,,,,
0172,001,Mini Heart(w/ Slot),stock,reference upgrade,96,0.0165,PB001,1,96,0.0165,P-PB001ROS-02-01,3.5,32.6 x 28.5 x 17.8 CM
0172,232,Mini Heart(w/ Slot) - Zinc alloy Mini Oval Base with Round Plaque,stock,not in sheet,48,0.016,6.8 x 4.4 x 9.1 cm,0,,,,,
0173,001,Heart & Rose,stock,identical,48,0.0164,P-PB007ROS-02-01,1,48,0.0164,P-PB007ROS-02-01,2.5,28.5 x 28 x 20.5 CM
0174,001,Heart & Sunflower,stock,identical,48,0.0164,P-PB007ROS-02-01,1,48,0.0164,P-PB007ROS-02-01,2.4,28.5 x 28 x 20.5 CM
0175,001,Heart & Tulip,stock,VALUE CHANGE + multi-option,48,0.0419,P-PB035-02-01,3,48 | 48 | 48,0.0164 | 0.0164 | 0.0494,P-PB007ROS-02-01 | P-PB007ROS-02-01 | P-PB035-02-01, | 2.5 | 4,28.5 x 28 x 20.5 CM | 28.5 x 28 x 20.5 CM | 
0191,001,Labrador Dog,stock,identical,48,0.0164,P-PB007ROS-02-01,1,48,0.0164,P-PB007ROS-02-01,3.1,28.5 x 28 x 20.5 CM
0196,001,Labrador Dog (Panting),stock,identical,48,0.0164,P-PB007ROS-02-01,1,48,0.0164,P-PB007ROS-02-01,3.48,28.5 x 28 x 20.5 CM
0208,001,Orchid Butterfly,stock,identical,96,0.0337,P-PB007ROS-02-01,1,96,0.0337,P-PB007ROS-02-01,4.7,37.5 x 29.5 x 30.5CM
0209,001,Sea Turtle Freestand,active,identical + multi-option,48,0.0164,P-PB007ROS-02-01,2,24 | 48,0.042 | 0.0164,P-PB033ROS-02-01 | P-PB007ROS-02-01, | 2.4, | 28.5 x 28 x 20.5 CM
0210,001,Baby Labrador Dog,stock,reference upgrade,96,0.0165,PB001,1,96,0.0165,P-PB001ROS-02-01,3,32.6 x 28.5 x 17.8 CM
0215,001,Five Tulips in Crystal Vase Freestand,active,identical + multi-option,36,0.0398,P-PB003ROS-02-01,2,24 | 36,0.066 | 0.0398,P-PB031ROS-02-01 | P-PB003ROS-02-01, | 4.1, | 35.3 x 26.5 x 42.5 CM
0220,001,Mini Swallowtail Butterfly,stock,identical,96,0.0337,P-PB007ROS-02-01,1,96,0.0337,P-PB007ROS-02-01,4.7,37.5 x 29.5 x 30.5CM
0221,001,Tiger Butterfly,stock,identical,48,0.0247,P-PB002ROS-02-01,1,48,0.0247,P-PB002ROS-02-01,3.1,33 x 32.5 x 23 CM
0226,001,Pocket Sweetie Angel Freestand,active,identical + multi-option,90,0.0349,P-GB001A00-06-06,2,90 | 96,0.0349 | 0.0165,P-GB001A00-06-06 | P-PB001ROS-02-01,4.9 | 3.9, | 32.6 x 28.5 x 17.8 CM
0226,163,Pocket - Sweetie Angel - Metal Bookmark,stock,VALUE CHANGE,96,0.0312,P-GB033A01-03-14,1,96,0.0305,P-PB041ROS-02-01,,
0229,001,Mini Heart (Love),stock,reference upgrade,96,0.0165,PB001,1,96,0.0165,P-PB001ROS-02-01,3.5,32.6 x 28.5 x 17.8 CM
0229,231,Mini Heart (Love) - Zinc alloy Mobile Freestand with Black Pad Print,stock,not in sheet,48,0.025,10.1  x 4 x 12.1 cm,0,,,,,
0229,232,Mini Heart (Love) - Zinc alloy Mini Oval Base with Round Plaque,stock,not in sheet,48,0.016,6.8 x 4.4 x 9.1 cm,0,,,,,
0230,001,Mini Heart (Birthstone),stock,reference upgrade,96,0.0165,PB001,1,96,0.0165,P-PB001ROS-02-01,3.5,32.6 x 28.5 x 17.8 CM
0232,001,,active,app blank + multi-option,,,,2,48 | 48,0.0247 | 0.0494,P-PB002ROS-02-01 | P-PB035-02-01,3 | 4.2,33 x 32.5 x 23 CM | 
0235,001,Sunflower(Lrg) - B,stock,identical,48,0.0663,P-PB005ROS-02-01,1,48,0.0663,P-PB005ROS-02-01,5.3,43.5 x  33.5 x 45.5 CM
0240,224,Crystal Sunflower Freestand  with Crystal Base,active,VALUE CHANGE,36,,,1,36,0.0503,P-PB005ROS-02-01,,43.5 x 33.5 x  34.5 CM
0241,001,Holy Cross,stock,identical,96,0.0337,P-PB007ROS-02-01,1,96,0.0337,P-PB007ROS-02-01,4.8,37.5 x 29.5 x 30.5CM
0242,001,Pocket - Mitten,stock,identical + multi-option,90,0.0349,P-GB001A00-06-06,2,90 | 96,0.0349 | 0.0165,P-GB001A00-06-06 | P-PB001ROS-02-01,4.7 | 3.5, | 32.6 x 28.5 x 17.8 CM
0246,001,Graceful Angel(Heart),active,identical,36,0.0254,P-PB006ROS-02-01,1,36,0.0254,P-PB006ROS-02-01,2.9,28.2 x 27.3 x 33 CM
0251,001,Holy Cross with Bible,stock,identical,36,0.0254,P-PB006ROS-02-01,1,36,0.0254,P-PB006ROS-02-01,3.12,28.2 x 27.3 x 33 CM
0253,001,Bull,stock,identical,96,0.0337,P-PB007ROS-02-01,1,96,0.0337,P-PB007ROS-02-01,,37.5 x 29.5 x 30.5CM
0256,001,Vintage Piano Freestand,active,identical + multi-option,36,0.0254,P-PB006ROS-02-01,2,12 | 36,0.048 | 0.0254,P-GB028M02 | P-PB006ROS-02-01, | 3.7, | 28.2 x 27.3 x 33 CM
0257,001,Zodiac Aries Freestand,active,identical + multi-option,60,0.0417,P-GB004A01-01-06,4,24 | 48 | 48 | 60,0.05 | 0.0247 | 0.035 | 0.0417,P-PB032ROS-02-01 | P-PB002ROS-02-01 | P-PB048M01 | P-GB004A01-01-06, | 4.8 |  | 8.1, | 33 x 32.5 x 23 CM |  | 
0258,001,Zodiac Taurus Freestand,active,identical + multi-option,60,0.0417,P-GB004A01-01-06,4,24 | 48 | 48 | 60,0.05 | 0.0247 | 0.035 | 0.0417,P-PB032ROS-02-01 | P-PB002ROS-02-01 | P-PB048M01 | P-GB004A01-01-06, | 4.8 | 6.4 | 8.2, | 33 x 32.5 x 23 CM |  | 
0259,001,Zodiac Gemini Freestand,active,identical + multi-option,60,0.0417,P-GB004A01-01-06,4,24 | 48 | 48 | 60,0.05 | 0.0247 | 0.035 | 0.0417,P-PB032ROS-02-01 | P-PB002ROS-02-01 | P-PB048M01 | P-GB004A01-01-06, | 5 | 6.6 | 8.4, | 33 x 32.5 x 23 CM |  | 
0260,001,Zodiac Cancer Freestand,active,identical + multi-option,60,0.0417,P-GB004A01-01-06,4,24 | 48 | 48 | 60,0.05 | 0.0247 | 0.035 | 0.0417,P-PB032ROS-02-01 | P-PB002ROS-02-01 | P-PB048M01 | P-GB004A01-01-06, | 4.8 | 6.4 | 8.3, | 33 x 32.5 x 23 CM |  | 
0261,001,Zodiac Leo Freestand,active,identical + multi-option,60,0.0417,P-GB004A01-01-06,4,24 | 48 | 48 | 60,0.05 | 0.0247 | 0.035 | 0.0417,P-PB032ROS-02-01 | P-PB002ROS-02-01 | P-PB048M01 | P-GB004A01-01-06, | 5 | 6.5 | 8.3, | 33 x 32.5 x 23 CM |  | 
0262,001,Zodiac Virgo Freestand,active,identical + multi-option,60,0.0417,P-GB004A01-01-06,4,24 | 48 | 48 | 60,0.05 | 0.0247 | 0.035 | 0.0417,P-PB032ROS-02-01 | P-PB002ROS-02-01 | P-PB048M01 | P-GB004A01-01-06, | 4.8 |  | 8.3, | 33 x 32.5 x 23 CM |  | 
0263,001,Zodiac Libra Freestand,active,identical + multi-option,60,0.0417,P-GB004A01-01-06,4,24 | 48 | 48 | 60,0.05 | 0.0247 | 0.035 | 0.0417,P-PB032ROS-02-01 | P-PB002ROS-02-01 | P-PB048M01 | P-GB004A01-01-06, | 4.6 | 6.2 | 7.9, | 33 x 32.5 x 23 CM |  | 
0264,001,Zodiac Scorpio Freestand,active,identical + multi-option,60,0.0417,P-GB004A01-01-06,4,24 | 48 | 48 | 60,0.05 | 0.0247 | 0.035 | 0.0417,P-PB032ROS-02-01 | P-PB002ROS-02-01 | P-PB048M01 | P-GB004A01-01-06, | 4.8 | 6.4 | 8.4, | 33 x 32.5 x 23 CM |  | 
0265,001,Zodiac Sagittarius Freestand,active,identical + multi-option,60,0.0417,P-GB004A01-01-06,4,24 | 48 | 48 | 60,0.05 | 0.0247 | 0.035 | 0.0417,P-PB032ROS-02-01 | P-PB002ROS-02-01 | P-PB048M01 | P-GB004A01-01-06, | 4.8 |  | 8, | 33 x 32.5 x 23 CM |  | 
0266,001,Zodiac Capricorn Freestand,active,identical + multi-option,60,0.0417,P-GB004A01-01-06,4,24 | 48 | 48 | 60,0.05 | 0.0247 | 0.035 | 0.0417,P-PB032ROS-02-01 | P-PB002ROS-02-01 | P-PB048M01 | P-GB004A01-01-06, | 4.7 |  | 8.2, | 33 x 32.5 x 23 CM |  | 
0267,001,Zodiac Aquarius Freestand,active,identical + multi-option,60,0.0417,P-GB004A01-01-06,4,24 | 48 | 48 | 60,0.05 | 0.0247 | 0.035 | 0.0417,P-PB032ROS-02-01 | P-PB002ROS-02-01 | P-PB048M01 | P-GB004A01-01-06, | 5.1 | 6.7 | 8.8, | 33 x 32.5 x 23 CM |  | 
0268,001,Zodiac Pisces Freestand,active,identical + multi-option,60,0.0417,P-GB004A01-01-06,4,24 | 48 | 48 | 60,0.05 | 0.0247 | 0.035 | 0.0417,P-PB032ROS-02-01 | P-PB002ROS-02-01 | P-PB048M01 | P-GB004A01-01-06, | 4.9 | 6.2 | 8.5, | 33 x 32.5 x 23 CM |  | 
0269,001,Pocket - Tropical Fish,stock,identical + multi-option,90,0.0349,P-GB001A00-06-06,2,90 | 96,0.0349 | 0.0165,P-GB001A00-06-06 | P-PB001ROS-02-01,4.6 | 3.6, | 32.6 x 28.5 x 17.8 CM
0269,163,Pocket - Tropical Fish - Metal Bookmark,stock,VALUE CHANGE,96,0.0312,P-GB033A01-03-14,1,96,0.0305,P-PB041ROS-02-01,5,
0270,001,Pocket - Shamrock,stock,identical + multi-option,90,0.0349,P-GB001A00-06-06,2,90 | 96,0.0349 | 0.0165,P-GB001A00-06-06 | P-PB001ROS-02-01,4.6 | 3.7, | 32.6 x 28.5 x 17.8 CM
0271,001,Pocket - Church,stock,reference upgrade + multi-option,96,0.0165,PB001,2,90 | 96,0.0349 | 0.0165,P-GB001A00-06-06 | P-PB001ROS-02-01, | 3.5, | 32.6 x 28.5 x 17.8 CM
0272,001,Pocket - Hot Air Balloon,stock,reference upgrade + multi-option,96,0.0165,PB001,2,90 | 96,0.0349 | 0.0165,P-GB001A00-06-06 | P-PB001ROS-02-01, | 3.5, | 32.6 x 28.5 x 17.8 CM
0273,001,Pocket - Sea Turtle,stock,identical + multi-option,90,0.0349,P-GB001A00-06-06,2,90 | 96,0.0349 | 0.0165,P-GB001A00-06-06 | P-PB001ROS-02-01,4.5 | 3.7, | 32.6 x 28.5 x 17.8 CM
0274,001,Pocket - Elephant,stock,identical + multi-option,90,0.0349,P-GB001A00-06-06,2,90 | 96,0.0349 | 0.0165,P-GB001A00-06-06 | P-PB001ROS-02-01,4.7 | 3.7, | 32.6 x 28.5 x 17.8 CM
0274,163,Pocket - Elephant - Metal Bookmark,stock,VALUE CHANGE,96,0.0312,P-GB033A01-03-14,1,96,0.0305,P-PB041ROS-02-01,5.3,
0275,001,Pocket - Cat,stock,identical + multi-option,90,0.0349,P-GB001A00-06-06,2,90 | 96,0.0349 | 0.0165,P-GB001A00-06-06 | P-PB001ROS-02-01,4.8 | 3.7, | 32.6 x 28.5 x 17.8 CM
0276,001,Pocket - Dolphin,stock,identical + multi-option,90,0.0349,P-GB001A00-06-06,2,90 | 96,0.0349 | 0.0165,P-GB001A00-06-06 | P-PB001ROS-02-01,4.5 | 3.5, | 32.6 x 28.5 x 17.8 CM
0276,163,Pocket - Dolphin - Metal Bookmark,stock,VALUE CHANGE,96,0.0312,P-GB033A01-03-14,1,96,0.0305,P-PB041ROS-02-01,5.1,
0277,001,Pocket - Dog,stock,identical + multi-option,90,0.0349,P-GB001A00-06-06,2,90 | 96,0.0349 | 0.0165,P-GB001A00-06-06 | P-PB001ROS-02-01, | , | 32.6 x 28.5 x 17.8 CM
0278,001,Pocket - Teddy Bear,stock,identical + multi-option,90,0.0349,P-GB001A00-06-06,2,90 | 96,0.0349 | 0.0165,P-GB001A00-06-06 | P-PB001ROS-02-01,4.7 | 3.6, | 32.6 x 28.5 x 17.8 CM
0278,163,Pocket - Teddy Bear - Metal Bookmark,stock,VALUE CHANGE,96,0.0312,P-GB033A01-03-14,1,96,0.0305,P-PB041ROS-02-01,,
0279,001,Guitar A,stock,identical,48,0.0247,P-PB002ROS-02-01,1,48,0.0247,P-PB002ROS-02-01,3.2,33 x 32.5 x 23 CM
0286,175,Pocket - Sea Shell - Letter Opener,stock,VALUE CHANGE,96,0.0358,P-GB037A01-03-14,1,96,0.0358,P-PB036ROS-02-01,,
0289,175,Pocket - Angel - Letter Opener,stock,VALUE CHANGE,96,0.0358,P-GB037A01-03-14,1,96,0.0358,P-PB036ROS-02-01,,
0290,175,Pocket - Heart - Letter Opener,stock,VALUE CHANGE,96,0.0358,P-GB037A01-03-14,1,96,0.0358,P-PB036ROS-02-01,5.8,
0291,163,Pocket - Swing - Metal Bookmark,stock,VALUE CHANGE,96,0.0312,P-GB033A01-03-14,1,96,0.0305,P-PB041ROS-02-01,,
0291,175,Pocket - Swing - Letter Opener,stock,VALUE CHANGE,96,0.0358,P-GB037A01-03-14,1,96,0.0358,P-PB036ROS-02-01,,
0292,163,Pocket - Butterfly - Metal Bookmark,stock,VALUE CHANGE,96,0.0312,P-GB033A01-03-14,1,96,0.0305,P-PB041ROS-02-01,4.6,
0292,175,Pocket - Butterfly - Letter Opener,stock,VALUE CHANGE,96,0.0358,P-GB037A01-03-14,1,96,0.0358,P-PB036ROS-02-01,,
0299,001,Pocket - Bell,stock,identical + multi-option,90,0.0349,P-GB001A00-06-06,2,90 | 96,0.0349 | 0.0165,P-GB001A00-06-06 | P-PB001ROS-02-01,4.9 | 3.6, | 32.6 x 28.5 x 17.8 CM
0300,001,Pocket - Snowman,stock,identical + multi-option,90,0.0349,P-GB001A00-06-06,2,90 | 96,0.0349 | 0.0165,P-GB001A00-06-06 | P-PB001ROS-02-01,4.8 | 3.7, | 32.6 x 28.5 x 17.8 CM
0301,001,Pocket - Santa Claus,stock,identical + multi-option,90,0.0349,P-GB001A00-06-06,2,90 | 96,0.0349 | 0.0165,P-GB001A00-06-06 | P-PB001ROS-02-01,4.8 | 3.7, | 32.6 x 28.5 x 17.8 CM
0302,001,Pocket - Sock,stock,identical + multi-option,90,0.0349,P-GB001A00-06-06,2,90 | 96,0.0349 | 0.0165,P-GB001A00-06-06 | P-PB001ROS-02-01,5 | 3.7, | 32.6 x 28.5 x 17.8 CM
0303,001,Pocket - Sledge,stock,identical + multi-option,90,0.0349,P-GB001A00-06-06,2,90 | 96,0.0349 | 0.0165,P-GB001A00-06-06 | P-PB001ROS-02-01,5 | 3.8, | 32.6 x 28.5 x 17.8 CM
0320,001,Antique Scale,stock,identical,48,0.0164,P-PB007ROS-02-01,1,48,0.0164,P-PB007ROS-02-01,2.6,28.5 x 28 x 20.5 CM
0324,001,Pocket - Emperor Butterfly,stock,reference upgrade + multi-option,96,0.0165,PB001,2,90 | 96,0.0349 | 0.0165,P-GB001A00-06-06 | P-PB001ROS-02-01,4.9 | 3.8, | 32.6 x 28.5 x 17.8 CM
0324,163,Pocket - Emperor Butterfly - Metal Bookmark,stock,VALUE CHANGE,96,0.0312,P-GB033A01-03-14,1,96,0.0305,P-PB041ROS-02-01,5.5,
0325,163,Pocket - Thorns Cross - Metal Bookmark,stock,VALUE CHANGE,96,0.0312,P-GB033A01-03-14,1,96,0.0305,P-PB041ROS-02-01,5.2,
0326,001,Pocket - Oleander Flower,stock,identical + multi-option,90,0.0349,P-GB001A00-06-06,2,90 | 96,0.0349 | 0.0165,P-GB001A00-06-06 | P-PB001ROS-02-01,4.9 | 3.8, | 32.6 x 28.5 x 17.8 CM
0327,001,Ballerina Freestand,active,identical + multi-option,36,0.0254,P-PB006ROS-02-01,3,12 | 24 | 36,0.048 | 0.066 | 0.0254,P-GB028M02 | P-PB031ROS-02-01 | P-PB006ROS-02-01,10.8 |  | 2.9, |  | 28.2 x 27.3 x 33 CM
0327,236,Ballerina Music Box (Wood Body),active,not in sheet,36,,,0,,,,,
0328,001,Classic Angel,stock,identical,36,0.0398,P-PB003ROS-02-01,1,36,0.0398,P-PB003ROS-02-01,3.8,35.3 x 26.5 x 42.5 CM
0330,001,Cat,stock,reference upgrade,96,0.0165,PB001,1,96,0.0165,P-PB001ROS-02-01,,32.6 x 28.5 x 17.8 CM
0332,001,Rose Blossom,stock,not in sheet,96,,,0,,,,,
0337,001,Pocket - Love,stock,identical + multi-option,90,0.0349,P-GB001A00-06-06,2,90 | 96,0.0349 | 0.0165,P-GB001A00-06-06 | P-PB001ROS-02-01,4.6 | 3.7, | 32.6 x 28.5 x 17.8 CM
0337,163,Pocket - Love - Metal Bookmark,stock,VALUE CHANGE,96,0.0312,P-GB033A01-03-14,1,96,0.0305,P-PB041ROS-02-01,,
0337,231,Pocket - Love - Zinc alloy Mobile Freestand with Black Pad Print,stock,not in sheet,48,0.025,10.1  x 4 x 12.1 cm,0,,,,,
0337,232,Pocket - Love - Zinc alloy Mini Oval Base with Round Plaque,stock,not in sheet,48,0.016,6.8 x 4.4 x 9.1 cm,0,,,,,
0338,001,Pocket - Twin Hearts,stock,identical + multi-option,90,0.0349,P-GB001A00-06-06,2,90 | 96,0.0349 | 0.0165,P-GB001A00-06-06 | P-PB001ROS-02-01,4.6 | 3.8, | 32.6 x 28.5 x 17.8 CM
0338,163,Pocket - Twin Hearts - Metal Bookmark,stock,VALUE CHANGE,96,0.0312,P-GB033A01-03-14,1,96,0.0305,P-PB041ROS-02-01,,
0338,231,Pocket - Twin Hearts - Zinc alloy Mobile Freestand with Black Pad Print,stock,not in sheet,48,0.025,10.1  x 4 x 12.1 cm,0,,,,,
0338,232,Pocket - Twin Hearts - Zinc alloy Mini Oval Base with Round Plaque,stock,not in sheet,48,0.016,6.8 x 4.4 x 9.1 cm,0,,,,,
0339,001,Pocket - Rose,stock,identical + multi-option,90,0.0349,P-GB001A00-06-06,2,90 | 96,0.0349 | 0.0165,P-GB001A00-06-06 | P-PB001ROS-02-01,4.6 | 3.6, | 32.6 x 28.5 x 17.8 CM
0339,163,Pocket - Rose - Metal Bookmark,stock,VALUE CHANGE,96,0.0312,P-GB033A01-03-14,1,96,0.0305,P-PB041ROS-02-01,5,
0340,001,Chinese Zodiac Rat Freestand,active,VALUE CHANGE,48,,,1,48,0.2717,P-PB002ROS-02-01,4.7,33 x 32.5 x 23 CM
0341,001,Chinese Zodiac Ox Freestand,active,VALUE CHANGE,48,,,1,48,0.0164,P-PB007ROS-02-01,,28.5 x 28 x 20.5 CM
0342,001,Chinese Zodiac Tiger Freestand,active,reference upgrade + multi-option,24,0.05,P-PB032-01-15,4,24 | 48 | 48 | 60,0.05 | 0.0164 | 0.035 | 0.0417,P-PB032ROS-02-01 | P-PB007ROS-02-01 | P-PB048M01 | P-GB004A01-01-06, | 4 |  | , | 28.5 x 28 x 20.5 CM |  | 
0343,001,Chinese Zodiac Rabbit Freestand,active,reference upgrade + multi-option,24,0.05,P-PB032-01-15,4,24 | 48 | 48 | 48,0.05 | 0.0164 | 0.035 | 0.2717,P-PB032ROS-02-01 | P-PB007ROS-02-01 | P-PB048M01 | P-PB002ROS-02-01, |  |  | 5.2, | 28.5 x 28 x 20.5 CM |  | 33 x 32.5 x 23 CM
0344,001,Chinese Zodiac Dragon Freestand,active,identical + multi-option,60,0.0417,P-GB004A01-01-06,3,48 | 48 | 60,0.0247 | 0.035 | 0.0417,P-PB002ROS-02-01 | P-PB048M01 | P-GB004A01-01-06,5.3 |  | 8.8,33 x 32.5 x 23 CM |  | 
0345,001,Chinese Zodiac Snake Freestand,active,identical + multi-option,48,0.0247,P-PB002ROS-02-01,4,24 | 48 | 48 | 60,0.05 | 0.0247 | 0.035 | 0.0417,P-PB032ROS-02-01 | P-PB002ROS-02-01 | P-PB048M01 | P-GB004A01-01-06, | 4.9 |  | , | 33 x 32.5 x 23 CM |  | 
0346,001,Chinese Zodiac Horse Freestand,active,VALUE CHANGE + multi-option,48,,,4,24 | 48 | 48 | 60,0.05 | 0.0247 | 0.035 | 0.0417,P-PB032ROS-02-01 | P-PB002ROS-02-01 | P-PB048M01 | P-GB004A01-01-06, | 4.8 | 6.5 | , | 33 x 32.5 x 23 CM |  | 
0347,001,Chinese Zodiac Ram Freestand,active,VALUE CHANGE + multi-option,48,,,4,24 | 48 | 48 | 60,0.05 | 0.0247 | 0.035 | 0.0417,P-PB032ROS-02-01 | P-PB002ROS-02-01 | P-PB048M01 | P-GB004A01-01-06, |  |  | , | 33 x 32.5 x 23 CM |  | 
0348,001,Chinese Zodiac Monkey Freestand,active,VALUE CHANGE + multi-option,48,,,2,48 | 48,0.0247 | 0.035,P-PB002ROS-02-01 | P-PB048M01, | ,33 x 32.5 x 23 CM | 
0349,001,Chinese Zodiac Rooster Freestand,active,VALUE CHANGE + multi-option,48,,,2,48 | 48,0.0247 | 0.035,P-PB002ROS-02-01 | P-PB048M01, | ,33 x 32.5 x 23 CM | 
0350,001,Chinese Zodiac Dog Freestand,active,VALUE CHANGE,48,,,1,48,0.0247,P-PB002ROS-02-01,,33 x 32.5 x 23 CM
0351,001,Chinese Zodiac Pig Freestand,active,VALUE CHANGE,48,,,1,48,0.0247,P-PB002ROS-02-01,,33 x 32.5 x 23 CM
0353,159,Rose S-Shape Freestand,active,reference upgrade + multi-option,24,0.09,PB029,2,24 | 24, | 0.09,P-GB061A00-06-01 | P-PB029ROS-02-01, | 6, | 
0354,159,Rose Bud S-Shape Stand,active,reference upgrade,24,0.0844,PB028,1,24,0.0844,P-PB028ROS-02-01,3.1,
0355,001,Mini Rose Freestand,active,identical + multi-option,96,0.0483,P-PB002-06-13,3,48 | 48 | 96,0.0164 | 0.0494 | 0.0483,P-PB007ROS-02-01 | P-PB035-02-01 | P-PB002-06-13, | 3.9 | 6,28.5 x 28 x 20.5 CM |  | 
0355,042,,stock,reference upgrade + multi-option,48,0.0247,P-PB002ROS-02-01,2,48 | 48,0.0247 | 0.0247,P-PB002-05WH-18 | P-PB002ROS-02-01,6.5 | 6.7, | 33 x 32.5 x 23 CM
0355,230,Mini Rose with Crystal Bible,active,not in sheet,48,,,0,,,,,
0357,238,Three Roses in Crystal Vase,concept,not in sheet,36,,,0,,,,,
0360,001,Camel,stock,identical + multi-option,48,0.0536,P-PB003ROS-02-01,3,12 | 24 | 48,0.048 | 0.05 | 0.0536,P-GB028M02 | P-PB032ROS-02-01 | P-PB003ROS-02-01, |  | 6.5, |  | 35.5 x 35.5 x 42.5 CM
0363,001,Scorpio,stock,identical,48,0.0164,P-PB007ROS-02-01,1,48,0.0164,P-PB007ROS-02-01,2.7,28.5 x 28 x 20.5 CM
0365,001,Pocket - Carriage,stock,reference upgrade,96,0.0165,PB001,1,96,0.0165,P-PB001ROS-02-01,,32.6 x 28.5 x 17.8 CM
0365,163,Pocket - Carriage - Metal Bookmark,stock,VALUE CHANGE,96,0.0222,P-CP008-01-00,1,96,0.0305,P-PB041ROS-02-01,,
0366,164,,stock,app blank,,,,1,24,0.0527,P-GB041M01,13,
0368,164,,stock,VALUE CHANGE,24,0.0483,P-GB041M01,1,24,0.0527,P-GB041M01,12.2,
0370,001,,stock,VALUE CHANGE + multi-option,3,0.034,,2, | 12, | 0.0926, | P-PB015ROS-02-01, | 5.8, | 
0377,001,Blooming Heart,stock,reference upgrade,96,0.0165,PB001,1,96,0.0165,P-PB001ROS-02-01,,32.6 x 28.5 x 17.8 CM
0377,163,Blooming Heart - Metal Bookmark,stock,VALUE CHANGE,96,0.0222,P-CP008-01-00,1,96,0.0305,P-PB041ROS-02-01,4.7,
0377,231,Blooming Heart - Zinc alloy Mobile Freestand with Black Pad Print,stock,not in sheet,48,0.025,10.1  x 4 x 12.1 cm,0,,,,,
0377,232,Blooming Heart - Zinc alloy Mini Oval Base with Round Plaque,stock,not in sheet,48,0.016,6.8 x 4.4 x 9.1 cm,0,,,,,
0378,001,Love Drop,stock,reference upgrade,96,0.0165,PB001,1,96,0.0165,P-PB001ROS-02-01,,32.6 x 28.5 x 17.8 CM
0378,163,Love Drop - Metal Bookmark,stock,not in sheet,96,0.03,7.2 x 14.2 x2.3 cm,0,,,,,
0378,240,Love Drop,stock,not in sheet,48,0.016,6.8 x 4.4 x 9.1 cm,0,,,,,
0379,001,Leafy Heart,stock,reference upgrade,96,0.0165,PB001,1,96,0.0165,P-PB001ROS-02-01,,32.6 x 28.5 x 17.8 CM
0379,163,Leafy Heart - Metal Bookmark,stock,VALUE CHANGE,96,0.0222,P-CP008-01-00,1,96,0.0305,P-PB041ROS-02-01,,
0379,232,Leafy Heart - Zinc alloy Mini Oval Base with Round Plaque,stock,not in sheet,48,0.016,6.8 x 4.4 x 9.1 cm,0,,,,,
0380,001,Sweet Heart,stock,reference upgrade,96,0.0165,PB001,1,96,0.0165,P-PB001ROS-02-01,3.8,32.6 x 28.5 x 17.8 CM
0380,163,Sweet Heart - Metal Bookmark,stock,not in sheet,96,0.03,7.2 x 14.2 x2.3 cm,0,,,,,
0380,231,Sweet Heart - Zinc alloy Mobile Freestand with Black Pad Print,stock,not in sheet,48,0.025,10.1  x 4 x 12.1 cm,0,,,,,
0380,232,Sweet Heart - Zinc alloy Mini Oval Base with Round Plaque,stock,not in sheet,48,0.016,6.8 x 4.4 x 9.1 cm,0,,,,,
0383,001,Duckling,stock,not in sheet,96,,,0,,,,,
0383,165,,stock,identical,48,0.0213,P-PB046ROS-02-01,1,48,0.0213,P-PB046ROS-02-01,8.2,
0384,165,,stock,identical,48,0.0213,P-PB046ROS-02-01,1,48,0.0213,P-PB046ROS-02-01,8.1,
0386,165,,stock,identical,48,0.0213,P-PB046ROS-02-01,1,48,0.0213,P-PB046ROS-02-01,8.2,
0393,175,Cute Pocket - Crown - Letter Opener,stock,VALUE CHANGE,96,0.0358,P-GB037A01-03-14,1,96,0.0358,P-PB036ROS-02-01,5.5,
0396,175,Cute Pocket - Elephant - Letter Opener,stock,VALUE CHANGE,96,0.0358,P-GB037A01-03-14,1,96,0.0358,P-PB036ROS-02-01,5.5,
0397,175,Cute Pocket - Ladybug - Letter Opener,stock,VALUE CHANGE,96,0.0358,P-GB037A01-03-14,1,96,0.0358,P-PB036ROS-02-01,5.5,
0399,163,Cute Pocket Chinese Zodiac - Dragon - Metal Bookmark,stock,VALUE CHANGE,96,0.0312,P-GB033A01-03-14,1,96,0.0305,P-PB041ROS-02-01,5.2,
0401,163,Cute Pocket Chinese Zodiac - Horse - Metal Bookmark,stock,VALUE CHANGE,96,0.03,7.2 x 14.2 x2.3 cm,1,96,0.0305,P-PB041ROS-02-01,4.7,
0404,163,Cute Pocket Chinese Zodiac - Rooster - Metal Bookmark,stock,VALUE CHANGE,96,0.03,7.2 x 14.2 x2.3 cm,1,96,0.0305,P-PB041ROS-02-01,,
0405,163,Cute Pocket Chinese Zodiac - Dog - Metal Bookmark,stock,VALUE CHANGE,96,0.03,7.2 x 14.2 x2.3 cm,1,96,0.0305,P-PB041ROS-02-01,,
0411,001,Sparkling Seahorse,stock,identical,48,0.0247,P-PB002ROS-02-01,1,48,0.0247,P-PB002ROS-02-01,2.7,33 x 32.5 x 23 CM
0413,001,Sparkling Goldfish,stock,identical,48,0.0164,P-PB007ROS-02-01,1,48,0.0164,P-PB007ROS-02-01,2.8,28.5 x 28 x 20.5 CM
0414,001,Sparkling Octopus,stock,identical,48,0.0164,P-PB007ROS-02-01,1,48,0.0164,P-PB007ROS-02-01,2.8,28.5 x 28 x 20.5 CM
0415,001,Pocket - Fancy Rose,stock,VALUE CHANGE,96,,,1,96,0.0165,P-PB001ROS-02-01,,32.6 x 28.5 x 17.8 CM
0416,001,Pocket - Heart-shaped Clover,stock,reference upgrade,96,0.0165,PB001,1,96,0.0165,P-PB001ROS-02-01,,32.6 x 28.5 x 17.8 CM
0450,231,Cute Pocket Zodiac - Aries,stock,not in sheet,48,0.025,10.1  x 4 x 12.1 cm,0,,,,,
0451,231,Cute Pocket Zodiac - Taurus,stock,not in sheet,48,0.025,10.1  x 4 x 12.1 cm,0,,,,,
0452,231,Cute Pocket Zodiac - Gemini,stock,not in sheet,48,0.025,10.1  x 4 x 12.1 cm,0,,,,,
0453,231,Cute Pocket Zodiac - Cancer,stock,not in sheet,48,0.025,10.1  x 4 x 12.1 cm,0,,,,,
0454,231,Cute Pocket Zodiac - Leo,stock,not in sheet,48,0.025,10.1  x 4 x 12.1 cm,0,,,,,
0455,231,Cute Pocket Zodiac - Virgo,stock,not in sheet,48,0.025,10.1  x 4 x 12.1 cm,0,,,,,
0456,231,Cute Pocket Zodiac - Libra,stock,not in sheet,48,0.025,10.1  x 4 x 12.1 cm,0,,,,,
0457,231,Cute Pocket Zodiac - Scorpio,stock,not in sheet,48,0.025,10.1  x 4 x 12.1 cm,0,,,,,
0458,231,Cute Pocket Zodiac - Sagittarius,stock,not in sheet,48,0.025,10.1  x 4 x 12.1 cm,0,,,,,
0459,231,Cute Pocket Zodiac - Capricorn,stock,not in sheet,48,0.025,10.1  x 4 x 12.1 cm,0,,,,,
0460,231,Cute Pocket Zodiac - Aquarius,stock,not in sheet,48,0.025,10.1  x 4 x 12.1 cm,0,,,,,
0461,231,Cute Pocket Zodiac - Pisces,stock,not in sheet,48,0.025,10.1  x 4 x 12.1 cm,0,,,,,
0465,001,Pocket - Crown,stock,VALUE CHANGE,96,,PB001,1,96,0.0165,P-PB001ROS-02-01,3.4,32.6 x 28.5 x 17.8 CM
0466,001,Pocket - Plum Flower,stock,VALUE CHANGE,96,,PB001,1,96,0.0165,P-PB001ROS-02-01,3.7,32.6 x 28.5 x 17.8 CM
0497,001,Horse with Little Horseshoe,stock,VALUE CHANGE,48,,,1,,,P-PB002ROS-02-01,,33 x 32.5 x 23 CM
0558,001,Mini Rose Freestand with Heart Plaque,active,VALUE CHANGE + multi-option,48,,,2,48 | 48,0.0164 | 0.048,P-PB007ROS-02-01 | P-PB035-02-01,2.6 | 3.9,28.5 x 28 x 20.5 CM | 
0558,236,Rose & Heart Music Box (Wood Body),active,not in sheet,36,,,0,,,,,
0562,001,Mini Double Roses Freestand with Plaque,active,VALUE CHANGE,48,,,1,48,0.0164,P-PB007ROS-02-01,2.6,28.5 x 28 x 20.5 CM
0574,001,Double Hearts Freestand with Ribbon Plate,active,VALUE CHANGE + multi-option,48,,,2,12 | 48,0.048 | 0.0358,P-GB028M02 | P-PB006ROS-02-01,10.8 | 3.7, | 37.5 x 27.3 x 35 CM
0574,236,Double Heart (Lrg) Music Box (Wood Body),active,not in sheet,36,,,0,,,,,
0582,231,Twins Love Heart - Zinc alloy Mobile Freestand with Black Pad Print,stock,not in sheet,48,0.025,10.1  x 4 x 12.1 cm,0,,,,,
0597,001,Running Horse Freestand,active,VALUE CHANGE,48,,,1,48,0.0247,P-PB002ROS-02-01,5.6,33 x 32.5 x 23 CM
0597,236,Running Horse Music Box (Wood Body),active,not in sheet,36,,,0,,,,,
0597,237,Running Horse Pen Stand (Wood Base),active,not in sheet,24,,,0,,,,,
0598,001,Lion Freestand,concept,not in sheet,48,,,0,,,,,
0599,001,Elephant Freestand,concept,not in sheet,48,,,0,,,,,
0600,001,Bull Freestand,concept,not in sheet,48,,,0,,,,,
0601,001,Crystal Bulldog Freestand,concept,not in sheet,48,,,0,,,,,
0602,001,Crystal Labrador Puppy Freestand,concept,not in sheet,48,,,0,,,,,
0603,001,Crystal Cat Freestand,concept,not in sheet,48,,,0,,,,,
0605,001,Crystal Fabric Rose Figurine,active,not in sheet,48,,,0,,,,,
A061,231,Crystal Heart (40mm) Mobile Freestand with Plaque Clear,active,not in sheet,48,,,0,,,,,
A062,224,Crystal Teddy Bear Freestand with Red Heart Crystal,active,not in sheet,36,,,0,,,,,
